TNRC6B,484
NFIB,462
ONECUT2,404
ZFHX4,330
BNC2,324
BACH2,314
SOX11,308
ACVR2B,292
ANKRD52,292
SATB1,280
CPEB4,276
tcag7.1228,270
KLF3,268
PURB,266
PDCD4,258
ZFPM2,258
NUFIP2,258
FBXO33,256
JHDM1D,256
ZNF148,254
GLT8D3,252
DDX3X,252
TET3,246
PDE4D,244
MBNL1,240
FXR1,234
RNF165,232
NOVA1,232
CPEB2,230
HRB,230
BCL11A,230
TEAD1,228
MECP2,224
PDGFRA,222
BCL11B,222
CLCN5,216
MYT1L,212
H3F3B,212
FLJ20309,208
SLC12A5,206
ENAH,204
ANKRD13C,204
CLOCK,202
CUGBP2,202
KCMF1,196
BRWD1,192
SP1,190
ZEB2,184
C1orf144,182
DMD,182
MAF,182
DICER1,182
PAPD5,182
NFAT5,182
CACNA1C,178
TRPS1,178
PLAG1,176
RNF38,170
HLF,170
ETS1,168
CNOT2,168
CNOT6L,168
FOXN3,166
XYLT1,166
SHANK2,164
SOCS6,164
ELL2,162
PHF21A,162
CREBZF,162
C5orf41,160
TMEM170B,158
HIPK2,158
MEIS2,158
NR2C2,158
RNF139,156
ZADH2,156
FOXO1,154
SOX5,154
FRS2,154
DCUN1D4,154
TP53INP1,154
ABCA1,152
CUL3,152
EPB41,150
GALNT7,150
KLF12,150
BCL2L11,148
LRP6,148
GPR124,146
EN2,144
ITGB8,144
SNTB2,144
PTP4A1,144
CCDC4,142
ZNF654,142
DLGAP2,142
BTBD3,142
SFRS1,140
PDIK1L,140
REV1,138
KLHL3,136
IGF1R,136
ZNF652,136
FZD5,136
HNRNPA1,136
ZBTB34,136
SMAD4,136
FBXW7,134
E2F7,134
IRS2,134
EIF4G2,134
PRKCE,132
PRDM16,132
EPC2,132
YTHDC1,132
MGAT4A,132
PLAGL2,130
CHD7,130
CPEB3,130
HNRNPU,130
RAP2B,128
PTCH1,128
BTBD7,128
CBL,126
RNF44,126
DCP2,126
AEBP2,126
ERBB4,126
ADCY6,124
BDNF,124
MARCKS,124
SOX4,124
OTUD4,124
ROBO2,124
BHLHB3,122
MYBL1,122
TNPO1,122
DCP1A,122
MLL2,122
ZFAND5,122
BAI3,122
PAPPA,122
ZCCHC14,120
LAMC1,120
IGF2BP1,120
AP3M1,120
SYT1,118
MYCN,118
ZNF238,118
ATXN1,118
ARID2,118
EBF3,118
USP47,118
MKL2,116
CCND2,116
HMGA2,116
ESRRG,116
ZNF532,116
NLK,116
DYRK2,116
SNX27,114
ABL2,114
YAF2,114
NARG1,114
QKI,114
AFF4,114
CDK6,114
KIAA0240,112
RPS6KA3,112
FOXP2,112
OTUD3,112
ADAMTS5,112
SH3PXD2A,112
CBX4,112
UBFD1,112
FGF7,110
THRB,110
VTI1A,110
CPEB1,110
FIGN,110
FOXP1,108
SSX2IP,108
LIN28,108
CORO1C,108
INHBB,108
PPP3R1,108
SLC4A4,106
C18orf1,106
HEG1,106
NIPBL,106
BAZ2B,106
LIN7C,106
FNDC3B,106
RALGPS1,106
KLF13,106
ATXN7L1,104
GLIS3,104
FBN1,104
SH2B3,104
RAD23B,102
UBE2G1,102
TGFBR2,102
BMPR2,100
DCX,100
ZNF618,100
RCOR1,100
KIAA1012,100
WNK1,100
PTEN,98
ARPP-19,98
RP5-1022P6.2,98
BAZ2A,98
MED14,98
PHC3,98
HIC2,98
PCDH10,98
CREB5,98
CEP350,98
RICTOR,96
LRCH2,96
ASH1L,96
RIMS4,96
SERBP1,96
NCOA1,96
DLC1,96
ELAVL2,96
BIRC6,96
APC,96
DCBLD2,94
DYRK1A,94
SLC6A6,94
HNRNPF,94
C18orf25,94
AFF3,94
IKZF2,92
KPNA6,92
DLG2,92
RAPGEF2,90
RAP1B,90
IGF1,90
AAK1,90
JARID2,90
SRGAP2,90
SS18,90
SSH2,90
FMR1,90
KLF4,90
MYH10,90
NCAM1,90
KIAA2018,88
MBD6,88
GRIK2,88
CYP26B1,88
ETV6,88
GLCE,88
CHIC1,88
JMJD1C,88
SEMA6A,88
SMAD7,88
YOD1,86
ACVR2A,86
MED1,86
FZD4,86
SGK3,86
SIX4,86
CCNJ,86
C17orf63,86
RC3H1,84
CNTN4,84
MYLIP,84
ZNF609,84
ATRX,84
ZNRF3,84
BAHD1,84
HNRNPA3,84
AMOTL2,84
SRGAP3,84
GIGYF1,84
TP53INP2,84
CTDSPL,82
MLL,82
MMD,82
TANC2,82
TNKS2,82
NRK,82
PALM2,82
UNKL,82
MYO5A,82
MFAP3L,82
NAV1,82
ACVR1,82
ATP8A1,82
NEGR1,82
GJC1,80
KPNA3,80
FOXN2,80
SPOPL,80
GRSF1,80
PHF20L1,80
EPS15,80
TGIF2,80
CASZ1,80
KIAA1549,78
PCNX,78
ADAM19,78
COPS2,78
RBM9,78
MYRIP,78
GATAD2B,78
SLAIN2,78
TSC1,78
LMX1A,78
MON2,78
FLRT3,78
MEF2D,78
PHF15,78
SMAD2,78
ARHGAP24,78
CTNNBIP1,76
PCGF3,76
PIK3R1,76
INTS6,76
SOS1,76
PTGFRN,76
UBE2W,76
TCF4,76
EYA4,76
STARD13,76
EFNB2,76
FAM168B,76
MAPK1,76
PPP2R3A,76
RUNX1,76
CDV3,76
MAPRE1,76
NR4A2,76
hCG_18385,76
NEO1,74
WDR82,74
MTF1,74
BCL2L2,74
HDAC4,74
ZCCHC2,74
EPHA7,74
SGCD,74
STRBP,74
FNDC3A,74
WDR40A,74
MAGI2,74
LOC26010,74
hCG_1757335,74
SH3BP4,74
ZAK,74
AFF1,74
TET2,74
ZC3H12B,72
PAFAH1B1,72
STYX,72
E2F3,72
BSN,72
NDFIP1,72
MAPK1IP1L,72
EEA1,72
C20orf194,72
ZNF385A,72
LPHN2,72
SLC6A1,72
ARID4A,72
EPB41L1,72
C18orf34,72
NBEA,72
EIF2C1,72
BMPR1B,72
PPP2R2C,72
PARD6B,72
ICK,72
SEMA4G,72
ARHGAP26,72
CCDC6,70
DSEL,70
MFHAS1,70
CHD9,70
MTMR12,70
EGR3,70
FLRT2,70
PTPRD,70
WWC2,70
CAMTA1,70
COL5A1,70
GALNT1,70
MITF,70
C11orf41,70
EBF1,70
TMCC1,70
CREBBP,68
KCNA1,68
EXOC5,68
TOX,68
DNAJA2,68
FOXO3,68
FOXJ3,68
ZFHX3,68
LASS6,68
GDF6,68
CDK5R1,68
HDLBP,68
QSER1,68
FRMD4A,68
RAB1A,68
SERP1,68
SLC23A2,66
MAP2K4,66
ZC3H6,66
ZCCHC24,66
C12orf34,66
NFYB,66
ATP1B1,66
PPARGC1A,66
NPTX1,66
GCC2,66
DOT1L,66
ARHGEF12,66
RAPH1,66
MIPOL1,66
WDTC1,66
RELL1,66
ATP6V1A,66
FAT3,66
C14orf43,66
ZFAND3,66
EPN2,66
RAB34,66
TNRC18,66
RASA1,66
ZNF217,66
HIVEP2,66
CALCR,66
RYBP,66
DUSP5,64
ARHGEF3,64
ZMYND11,64
PRUNE2,64
PPP1CB,64
MLL3,64
KPNA4,64
CECR6,64
DHX15,64
RBM24,64
ACSL1,64
EIF4B,64
KIAA1024,64
ADAMTS6,64
EIF5,64
SLC12A2,64
HOXB3,64
C14orf147,64
C10orf140,64
LARP4,62
KIAA2022,62
GRIK3,62
PRDM1,62
FGD6,62
TIAM1,62
MTMR3,62
ANKIB1,62
SNF1LK,62
CYLD,62
ARID3B,62
EIF2C3,62
DCUN1D3,62
CENTD1,62
SPTBN1,62
CAPRIN1,62
IQSEC2,62
BACH1,62
TET1,62
RANBP9,62
UTX,60
ZNF516,60
GABBR2,60
JAZF1,60
XPO4,60
CALN1,60
PAN3,60
HOXC8,60
RANBP2,60
ESR1,60
PBX3,58
SNN,58
BCAT1,58
MAP3K3,58
BHLHB2,58
CEBPA,58
C7orf60,58
PPP1R12B,58
ATP2B2,58
PFN2,58
NUAK1,58
JOSD1,58
PPARA,58
GPATCH8,58
GLS,58
LHFPL2,58
LMO3,58
FIGNL2,58
GPR85,58
CTNND2,58
AMMECR1,58
NAP1L1,58
KIAA1576,56
LIMCH1,56
KIAA1462,56
ARMC1,56
WDR44,56
MINK1,56
SMARCD1,56
PDE7B,56
CD2AP,56
IGF2BP2,56
VEGFA,56
VASH2,56
CSNK1G1,56
KIAA0556,56
PANK3,56
MYH9,56
ZBTB41,56
SCN2B,56
PPP1R9A,56
FNIP1,56
FAM60A,56
SEPT11,54
KIAA1553,54
YES1,54
CNR1,54
ARMC8,54
OSBPL3,54
SAMD12,54
EDEM3,54
SIRT1,54
CSMD1,54
EVI5,54
PIK3R3,54
FOXF2,54
SOBP,54
CHD1,54
CHL1,54
FAM104A,54
NAALADL2,54
EPAS1,54
ZNF395,54
TLK2,54
VAPA,54
CBFA2T3,54
PIGA,54
SORCS3,54
SLC24A3,54
SEMA3A,54
DDIT4,52
LARP1,52
KCNH7,52
ATP11A,52
KCNJ2,52
MAP3K2,52
C6orf168,52
MEX3B,52
ANGPTL2,52
ADCY1,52
KIAA0494,52
SLC5A3,52
STXBP5L,52
MNT,52
CCND1,52
SGK269,52
LPHN1,52
MYB,52
FAM107B,52
ESRRA,52
ZNF507,52
SENP5,52
GMFB,52
BAT2D1,52
LIN54,52
CDC42,52
REEP1,52
ZER1,52
ZNF292,52
XIAP,52
PHF17,52
CLTC,52
TOB2,52
NMT2,50
SRF,50
MRPS25,50
PRICKLE2,50
ADCY9,50
MEX3A,50
LIFR,50
HELZ,50
OXSR1,50
ZFYVE26,50
MTMR9,50
MIER1,50
FAM178A,50
JDP2,50
PNRC1,50
STAG2,50
MEIS1,50
TAOK1,50
ZNF423,50
TTC39A,50
RANBP10,50
VAPB,50
LRP1B,50
WEE1,50
PTPRE,50
ZBTB44,50
PCDH19,50
TGOLN2,50
RBJ,50
KIAA0247,48
IKZF1,48
PPP3CA,48
TACC1,48
SMG1,48
BTG2,48
WDR37,48
SPTY2D1,48
NFIA,48
PHACTR2,48
PPAP2B,48
RSBN1,48
MAP3K7IP3,48
UST,48
SATB2,48
KIAA1715,48
BCL7A,48
ANKRD12,48
TESK2,48
SLC39A10,48
ETNK1,48
ITGA5,48
ZNRF1,48
SYT14,48
CRKL,48
PBRM1,48
NAV3,48
TMF1,48
ZNF207,48
SEC62,48
THEX1,48
ID4,48
FUT9,48
DDX3Y,48
TRIM2,48
RSBN1L,48
PTPN12,48
NAP1L5,48
C14orf101,48
PEG10,46
STK38L,46
ETV1,46
PRKD1,46
CPD,46
MOBKL1A,46
GRIN2D,46
UBE2R2,46
NEUROD1,46
NF1,46
TSHZ3,46
RNF216,46
YPEL2,46
MYO10,46
MYO1C,46
TRHDE,46
CAPRIN2,46
ZNF518A,46
ZBTB38,46
WWC3,46
KIAA1217,46
ABHD13,46
RHOBTB1,46
NFASC,46
FAM63B,46
ANKFY1,44
LARP5,44
MMP16,44
RAPGEF5,44
SETD8,44
LPP,44
DIAPH2,44
SNRK,44
ATP2C1,44
ACVR1C,44
NEUROD2,44
KIAA0355,44
SOX6,44
JMJD3,44
MAP4K4,44
PDE4B,44
CALU,44
GNAI2,44
NR3C1,44
SMOC1,44
PLXNA2,44
PIK3C2A,44
HS2ST1,44
RBMS3,44
NCK2,44
RAN,44
FLJ20160,44
AK2,44
ATP8B2,44
CUX2,44
AZIN1,44
ZC3H12C,42
SNX30,42
SNX29,42
KIAA1522,42
GIT2,42
WIPF1,42
WIPF2,42
KIAA0182,42
TULP4,42
PUNC,42
TMED5,42
NOL4,42
SPCS2,42
KPNA1,42
CXCL12,42
SCHIP1,42
ST6GALNAC3,42
FURIN,42
TMEM200B,42
SULF1,42
ANKRD17,42
SS18L1,42
TBL1XR1,42
PODXL,42
OTX2,42
NDST1,42
RAVER2,42
NR2F2,42
RAB22A,42
CROP,42
EPS8,42
RUNX1T1,42
SRGAP1,42
PLXNA4,42
CEP170,42
FBXL16,42
CBFA2T2,42
EFNA3,42
KCNMB2,42
ZBTB7A,42
LRRC7,42
FAM13A1,42
MBOAT2,42
DCLK1,42
TM9SF3,42
XRN1,42
USP46,42
USP15,42
RMND5A,42
CDC2L6,42
FAM116A,40
FBXO11,40
GRIA3,40
SP3,40
JARID1A,40
NUP153,40
ZIC3,40
MTF2,40
IPO8,40
FAM46C,40
STK35,40
MET,40
BRUNOL6,40
REV3L,40
SERTAD2,40
NEDD4,40
CHD2,40
PTBP1,40
C9orf5,40
ELAVL1,40
ELFN2,40
PDPK1,40
ZNF362,40
ALS2CR13,40
KCNMA1,40
VAMP3,40
YY1,40
PRRX1,40
SCN2A,40
CALM1,40
SLC1A2,40
MARK1,40
SMURF1,40
LIN28B,40
USP31,40
TGFBR1,40
CAMK2D,40
DPYSL2,38
KCNC1,38
KCNH8,38
MLLT6,38
E2F5,38
APLN,38
SLC10A7,38
SHANK3,38
RARG,38
RIMS3,38
FKBP5,38
DNAJB9,38
PDCD10,38
CPSF6,38
HEY2,38
MCC,38
MGA,38
PALM2-AKAP2,38
TANC1,38
VCL,38
TAF4,38
TAL1,38
GRAMD4,38
ANKRD50,38
AKAP2,38
TMEM110,38
DLG1,38
ZC3H7B,38
FAM76B,38
OTP,38
UBE2Z,38
DDX6,38
DDX5,38
TFAP2B,38
UBE2H,38
GABRB2,38
ZNF280C,38
ZEB1,38
KIAA0528,38
EIF2C4,38
RAB6B,38
VAV3,38
SLC31A1,38
HRBL,38
AXIN2,38
PGAP1,38
COPS7B,38
TMEM26,38
PPP1R3F,38
PTPRG,38
RGMA,38
BLCAP,38
RHEB,38
VLDLR,38
SYDE2,38
COL4A1,38
ARHGAP29,38
LRIG1,38
TFRC,36
FAM110B,36
PKN2,36
ZBTB4,36
CELSR3,36
LOC440093,36
HIPK3,36
USP6,36
FAM43A,36
MEGF9,36
SELT,36
BTBD14B,36
NXT2,36
MIER3,36
N4BP1,36
TAF4B,36
YWHAZ,36
RBM47,36
MAML1,36
MAML3,36
ELL,36
MYST2,36
RNF138,36
GRB10,36
ERG,36
PPP6C,36
PTBP2,36
SMARCD2,36
SGK1,36
DNAJC16,36
ISL1,36
PGM2L1,36
TXNDC4,36
BCORL1,36
OTUD7B,36
TTC9,36
TFAP2A,36
PCDHA1,36
PCDHA5,36
PCDHA4,36
PCDHA3,36
PCDHA2,36
PCDHA8,36
PCDHA7,36
PCDHA6,36
SNAI1,36
PCDHAC2,36
PCDHAC1,36
SUPT16H,36
SCRT2,36
TNRC6A,36
VAT1,36
LIMD2,36
RGS7BP,36
PCDHA13,36
PCDHA12,36
PCDHA11,36
PCDHA10,36
ZBTB39,36
ZFX,36
MIB1,36
PHF19,36
ENPEP,36
PHLPPL,36
SLC6A17,36
TWF1,36
ADIPOR2,36
SNX18,34
MAP3K7,34
IKZF4,34
ATXN7L3,34
MED12L,34
PCYT1B,34
MAP3K1,34
JARID1C,34
NAMPT,34
PAIP2,34
IPO5,34
NPEPPS,34
LOC402665,34
SYNJ1,34
WIPI2,34
ASXL2,34
SIPA1L2,34
SR140,34
C3orf70,34
COL1A2,34
ZNF697,34
SOCS3,34
LRP4,34
PVRL1,34
SFRS6,34
WASL,34
BCL9L,34
KLHL24,34
ACVR1B,34
EHF,34
PIP4K2B,34
PDCD6IP,34
PLCL2,34
CTDSPL2,34
PDE4A,34
PKNOX2,34
VANGL1,34
OGT,34
SYT4,34
MXD1,34
IRF2BP2,34
RAB5C,34
FRAS1,34
CLDN11,34
FAM135B,34
ZBTB10,34
INOC1,34
TNS3,34
IGSF3,34
INPP5A,34
SUZ12,34
STK4,34
USP48,34
MSL2L1,34
BBC3,32
FBXO34,32
UHRF1,32
C16orf72,32
TGFA,32
GRB2,32
PCLO,32
GIT1,32
PITPNM2,32
ETS2,32
CNN3,32
HSPC159,32
BTG3,32
LHX6,32
PHACTR4,32
PITPNA,32
ZYG11B,32
C7orf42,32
FOXP4,32
ZNF644,32
ZDHHC5,32
FNDC5,32
CCNJL,32
RPGRIP1L,32
P15RS,32
TMEM16H,32
HBEGF,32
ANKRD11,32
ANKRD28,32
NHS,32
ACSL3,32
NECAB1,32
CCDC88A,32
OLA1,32
KREMEN1,32
DLG5,32
DLL4,32
CLASP1,32
POLS,32
GATA6,32
SMPD3,32
SMARCC1,32
NUMBL,32
AGPAT5,32
C10orf26,32
HOXA10,32
RFXDC2,32
FAM84B,32
VAMP2,32
HAS3,32
PMEPA1,32
WAPAL,32
DIRAS2,32
KIAA1267,32
TCF12,32
SMARCAD1,32
TTPAL,32
ARX,32
ADRB1,32
USP37,32
GTDC1,32
SPRY2,32
JAG1,30
STX5,30
FBXO45,30
FBXO41,30
TOP1,30
GAB2,30
SPRYD3,30
ADAM10,30
TDG,30
NFIX,30
APPL1,30
UBE2D1,30
EVI1,30
PPP1R12A,30
CECR2,30
C2orf69,30
EPHA8,30
ZBED4,30
KLHL28,30
NPTN,30
YWHAG,30
ARHGEF17,30
ATP2B4,30
MSL-1,30
LASS2,30
GLI3,30
IRS1,30
DACH1,30
NLGN2,30
C21orf91,30
DLG3,30
STRN3,30
MED13,30
PXDN,30
C14orf28,30
ATRN,30
IMPAD1,30
ITGA6,30
ROCK1,30
MYO1D,30
TRIB2,30
BSDC1,30
NRP1,30
GAN,30
EEF1A1,30
RERE,30
PSCD1,30
MAP1B,30
TAF9B,30
CXorf23,30
N-PAC,30
LMO4,30
FERMT2,30
LRRC4,30
MESDC1,30
TMEM25,30
ZBTB40,30
ANK1,30
ANKH,30
MIA3,30
GPD2,30
SLC1A1,30
KIF3B,30
SOX12,30
SPIN1,30
C17orf39,30
NOTCH1,30
CUL5,30
ZMYM2,30
GALNT17,30
KCTD9,30
ABCC1,30
ERBB3,30
TXNIP,28
ADAMTS18,28
JUP,28
SHB,28
NPAS2,28
GRIA4,28
ECE1,28
ZBTB5,28
MSX1,28
ZIC1,28
ACOX1,28
CDKN1C,28
PHF20,28
RARB,28
WDR22,28
FAM91A1,28
UBR1,28
TPPP,28
SGIP1,28
CRK,28
MAB21L1,28
PURA,28
ZFYVE9,28
SLC16A2,28
GLIS2,28
CNNM3,28
C1orf9,28
RAB11FIP4,28
MN1,28
MGC24039,28
EDA,28
FZD8,28
TMEM188,28
TMEM189,28
GRAMD3,28
MACROD2,28
ALS2CR2,28
ADRA2B,28
GOLGA1,28
FREQ,28
CC2D1B,28
MYCBP,28
SENP1,28
NRIP1,28
PKNOX1,28
ZNF449,28
TXNDC1,28
TSPAN12,28
TBC1D22B,28
FAM78A,28
HNRNPA2B1,28
ODZ1,28
ODZ4,28
HNRNPC,28
ANKRD13B,28
SALL1,28
RAB5B,28
P4HA2,28
PANK1,28
OBFC2A,28
METTL8,28
LYCAT,28
MEF2C,28
FAM133B,28
ProSAPiP1,28
ANK3,28
STX12,28
BAHCC1,28
SEL1L,28
ABBA-1,28
PDAP1,28
CTNND1,28
CDH2,28
CACNB2,28
C11orf30,28
ATP8B1,28
MAFB,28
PSD3,28
DIXDC1,28
KIAA0746,28
GALNT10,28
MAN2A1,28
SPRY1,28
CACNA2D2,26
SNX16,26
TRIM71,26
GRID1,26
ARL4C,26
PRPF40A,26
ARHGEF7,26
SORT1,26
ELF2,26
SETD7,26
UBL3,26
RRP15,26
FAM126B,26
FAM125B,26
HIPK1,26
FAM49B,26
PPP1CC,26
EDAR,26
INSIG1,26
SLC4A10,26
MAP3K11,26
GRHL3,26
LOC91461,26
ATP13A3,26
EML4,26
COL1A1,26
C7orf41,26
FOXO4,26
GFPT2,26
DGCR2,26
NPC1,26
THAP2,26
PFTK1,26
NCOA2,26
STK40,26
C11orf9,26
EOMES,26
KLHL18,26
YWHAE,26
UBE2Q1,26
RNF125,26
ZNF592,26
ABHD2,26
ALS2CR4,26
CNOT1,26
NOG,26
ARID1A,26
DLL1,26
PDGFA,26
CUGBP1,26
NRAS,26
SHC4,26
DLX1,26
NUDT4,26
HERC3,26
CROT,26
GNAI3,26
PHTF2,26
PSCD3,26
NAV2,26
GNS,26
ZNF367,26
HIC1,26
TMEM132B,26
TFDP1,26
HNRNPH3,26
PTGER3,26
HOXA11,26
FAM80A,26
FAM168A,26
MAPK6,26
LSM12,26
GIGYF2,26
CADM2,26
PTPRB,26
FCHO2,26
LYSMD3,26
ERRFI1,26
C9orf25,26
HNF1B,26
HNF4G,26
SPTLC2,26
PPFIA1,26
SLC30A7,26
SLC30A4,26
COL5A2,26
HOXD1,26
ABR,26
SSR1,26
RREB1,26
ADM,26
IGFBP5,26
TAPT1,26
MGAT4B,26
TNS1,26
TSC22D2,26
ZFP36L1,26
ARHGAP20,26
CASKIN1,26
SMAD5,26
ABCC5,26
USP24,26
NMT1,24
ARCN1,24
FBXO28,24
FBXO30,24
SP8,24
ARL5A,24
TRIM67,24
ARL4A,24
SC4MOL,24
SLTM,24
KIT,24
ALCAM,24
HECW2,24
ADAMTSL1,24
RIMS2,24
IPO9,24
LCORL,24
ASXL1,24
ARFIP2,24
ZZZ3,24
PDE11A,24
SLC4A8,24
FLJ10404,24
RIMBP2,24
PITX2,24
KPNA2,24
STK39,24
SLC25A22,24
CDR2L,24
ZNF704,24
RAB11FIP2,24
INTS2,24
TBC1D4,24
MYST3,24
RNF141,24
CNOT6,24
HIF1AN,24
ACSL4,24
POGZ,24
ARID5B,24
RAI14,24
DNAJC13,24
SASH1,24
MNX1,24
RNF219,24
DLGAP4,24
DAB2IP,24
KIAA0644,24
ITGA3,24
KCTD21,24
TRIB1,24
XRRA1,24
UBE2K,24
ARFGEF1,24
C16orf5,24
ATG2B,24
ELMOD1,24
SMOC2,24
SFRS12IP1,24
FBXL19,24
CCDC64,24
CALML4,24
TLN2,24
VGLL3,24
CBX1,24
THBS1,24
TMEM97,24
KIAA1370,24
CCNK,24
ST8SIA4,24
PDLIM5,24
ASF1A,24
SLC19A2,24
ADAM9,24
TNKS,24
LMBR1L,24
DAGLA,24
KIAA1211,24
RUNX3,24
NUS1,24
HBS1L,24
TRAM2,24
TBL1X,24
C10orf119,24
SPRY3,24
SET,22
ADAMTS17,22
SFXN2,22
CHST1,22
MSI1,22
KIAA0226,22
C16orf70,22
HDGF,22
JARID1B,22
HTRA3,22
AUTS2,22
FYCO1,22
LASP1,22
USF2,22
ZMIZ1,22
PRKCA,22
MEX3C,22
FAM123B,22
ADAMTSL3,22
GAS7,22
UBN1,22
PCGF5,22
EDC3,22
BCL2,22
ZC3H4,22
PRKG1,22
UHRF1BP1,22
FAM46A,22
FAM120C,22
DEK,22
MTMR2,22
UNK,22
FOXQ1,22
CNTNAP2,22
CNTNAP1,22
PPP1R15B,22
SLITRK3,22
SLC25A25,22
MGC21874,22
C20orf11,22
CCNL2,22
EPHA4,22
PGRMC2,22
BMP3,22
HMGB1,22
WSB1,22
GPR180,22
FAM102A,22
RNF41,22
MARCH5,22
GOLGA4,22
HIATL1,22
AKAP6,22
CPLX2,22
DNAJC21,22
LATS2,22
PDE5A,22
CLASP2,22
LCOR,22
ITGA9,22
FEM1C,22
LOC162073,22
RECK,22
NRN1,22
MBTD1,22
CANX,22
PGGT1B,22
ITCH,22
TBC1D12,22
UBE2B,22
TGIF1,22
ADD3,22
ADD1,22
TIMP2,22
CEP63,22
YTHDF3,22
SCRT1,22
PLEKHG3,22
DOLPP1,22
XPO1,22
SEPN1,22
SORBS1,22
FAM80B,22
EFNB3,22
FAM84A,22
FAM134C,22
NTF3,22
VEZF1,22
PPM1F,22
RP11-78J21.1,22
C5orf13,22
KIAA0831,22
ST8SIA2,22
GLCCI1,22
FAM59A,22
CAMK2N1,22
TCF20,22
PAX2,22
ADAT2,22
SEMA4C,22
PTPN11,22
RWDD4A,22
FAM65B,22
USP32,22
ABCD1,22
TMEM55B,22
FAM117A,20
FBXW2,20
DMTF1,20
SP7,20
SRC,20
SRL,20
E2F2,20
CNBP,20
CRISPLD1,20
ZHX3,20
RAP2C,20
C14orf4,20
RIT1,20
DNAJB12,20
HS3ST1,20
WDR68,20
MORF4L2,20
INSIG2,20
MAP3K14,20
LBR,20
CTDSP2,20
UBXD8,20
PITPNB,20
ZNF827,20
ARGLU1,20
LIF,20
ZDHHC23,20
MTX3,20
TBPL1,20
GRIN3A,20
NAPEPLD,20
C7orf43,20
HEPHL1,20
OSBP,20
PPP1R16B,20
KIAA0408,20
NPAT,20
BRPF3,20
STK24,20
ARNT,20
FOXK2,20
CNNM4,20
MDGA2,20
SFRS7,20
MIER2,20
FOXF1,20
RCC2,20
PCSK1,20
ENC1,20
FOXD3,20
NCOA3,20
CCDC100,20
CAPN6,20
NDRG3,20
CCDC131,20
RBM27,20
RBM25,20
YWHAB,20
IRF1,20
GOSR1,20
MOBKL3,20
C20orf108,20
ANKS1A,20
NHLRC3,20
SRCAP,20
NEDD4L,20
NKX2-2,20
GLI2,20
GPR158,20
RNF145,20
CD164,20
DNMT3A,20
GPM6B,20
RAB39B,20
CLIC4,20
DOCK3,20
ELAVL4,20
SYNGAP1,20
FOS,20
SAMD5,20
CASC3,20
CDC25A,20
MCFD2,20
PCDH8,20
SYT11,20
SYT10,20
KCTD15,20
C1orf21,20
CASK,20
HOOK3,20
PAP2D,20
AGPAT3,20
RPP14,20
FAM155A,20
DDX17,20
WDR42A,20
FARP1,20
PAPOLA,20
FBXL11,20
PI15,20
TLL2,20
TLN1,20
UNC84B,20
FAM81A,20
WNT5A,20
MEF2A,20
PSME3,20
KANK1,20
RORB,20
CLLU1,20
SLC25A3,20
KSR2,20
PPM1H,20
SFRS2IP,20
PCDH17,20
SURF4,20
ARIH2,20
KIF1B,20
NR5A2,20
KIF2A,20
AP2B1,20
CD69,20
SCN9A,20
SBF2,20
TEGT,20
ATAD2B,20
HOXA9,20
HOXA3,20
H3F3A,20
HBP1,20
SEMA5A,20
IGFBP3,20
CACNB1,20
RCAN2,20
NUMB,20
LUZP1,20
CDC42BPA,20
ANTXR1,20
TEX261,20
FAM130A1,20
ABCG4,20
BTF3L4,20
SLC2A3,20
KLF11,20
S1PR1,20
ABCE1,20
DUSP4,18
KCNA6,18
MAP3K9,18
FAM118A,18
NPAS4,18
RAP1A,18
ZKSCAN1,18
SP2,18
LRTM2,18
E2F6,18
CTTNBP2NL,18
TOX3,18
KIAA1324L,18
TMOD1,18
FBXW11,18
SLC41A1,18
RAI1,18
IGF2R,18
CA7,18
OLIG3,18
KIAA1468,18
ST3GAL2,18
MEX3D,18
CIC,18
WDR32,18
OSTM1,18
TOM1L1,18
UBR5,18
MAP3K12,18
DNAJB1,18
KIAA0101,18
ARRDC3,18
C12orf51,18
ZNF831,18
GLTSCR1,18
RALBP1,18
SELI,18
DIAPH1,18
S100PBP,18
SCAMP1,18
MLLT10,18
TRIOBP,18
SNIP,18
CCNT2,18
UBE2D2,18
PRPF4B,18
FSCN1,18
KIAA1737,18
ARL3,18
CENTB2,18
EPHB3,18
ZNF711,18
UBE2J1,18
TMEM86A,18
SFRS3,18
RCOR3,18
NCOA7,18
GULP1,18
TBC1D8,18
TBC1D9,18
LBA1,18
RNF169,18
ANKRD57,18
ZFP36,18
CLIP4,18
PHF21B,18
MARCH9,18
FLJ40142,18
RNF24,18
GOLGA3,18
MTUS1,18
B3GNT5,18
MAP4K3,18
TMEM143,18
NSF,18
HSPA8,18
A2BP1,18
ZSWIM5,18
KIAA1166,18
FRYL,18
PSKH1,18
SPATA2,18
IGSF11,18
SNAP25,18
IGF2BP3,18
EIF4E,18
RELN,18
RHPN2,18
HP1BP3,18
FAM73B,18
GREM2,18
ALS2,18
AP1S2,18
GTPBP2,18
GTPBP1,18
C10orf46,18
GABRB3,18
PEA15,18
RBPMS2,18
TIMP3,18
PLEKHO2,18
CSF1,18
CDC14A,18
TLE4,18
GRLF1,18
CBFB,18
PCTK2,18
REEP3,18
SLC26A7,18
RAB15,18
ZRANB1,18
XPR1,18
MEGF11,18
ATP5G3,18
RP13-102H20.1,18
PPP2R5C,18
SEPT3,18
TOMM70A,18
FAM108B1,18
PSMF1,18
TMEM9B,18
ZNF236,18
PELI2,18
KANK4,18
LRRC57,18
L3MBTL4,18
RASSF5,18
HIVEP1,18
PAG1,18
C5orf30,18
SORCS1,18
CAMKK2,18
PAK6,18
DCLRE1B,18
MIDN,18
DOK4,18
KIF3A,18
PAN2,18
PDLIM2,18
ATOH8,18
IER5,18
FAM160B1,18
RDX,18
FAM160A2,18
TRIM9,18
PAX6,18
BCLAF1,18
WWP1,18
RTKN2,18
BZW1,18
SEMA6D,18
ST7L,18
NOTCH2,18
CDK8,18
DUSP10,18
ANTXR2,18
SKP1,18
INPP5B,18
ZMYM3,18
PDZD4,18
PDZD2,18
SMAD6,18
ATG16L1,18
USP42,18
TOB1,18
CDC2L5,18
ITSN2,16
KCNC4,16
DUSP1,16
PTAR1,16
ATP11C,16
CREBL2,16
NEK6,16
MLLT3,16
FBXO8,16
TTBK1,16
ACTR1A,16
GRIN1,16
CACHD1,16
CELSR2,16
ENPP5,16
DHDDS,16
GRK6,16
ETV5,16
SV2A,16
MBNL2,16
KIAA1486,16
WDR20,16
PAIP1,16
UBP1,16
IPPK,16
BCL6,16
MAP3K13,16
LHX8,16
LBH,16
ZNF800,16
ZDHHC18,16
KIAA0999,16
C6orf62,16
PDPN,16
GRHL2,16
FGFR2,16
FGFR1,16
DBT,16
DDAH1,16
CDH11,16
PPARGC1B,16
CDC42EP3,16
FSTL4,16
UTRN,16
KPNB1,16
PFKFB3,16
TIA1,16
BRPF1,16
UTY,16
COL15A1,16
BAIAP2,16
LPGAT1,16
DHX40,16
TAGLN2,16
LPPR4,16
FOXG1,16
N4BP3,16
BMI1,16
RABGAP1,16
NDRG4,16
C13orf37,16
CRIM1,16
LSM14A,16
PSIP1,16
C9orf150,16
IRF4,16
ABAT,16
GPR137C,16
LDLRAP1,16
GCNT2,16
TMEM16C,16
ABI2,16
SMCR7L,16
FLJ10357,16
ZFP91,16
PNRC2,16
METAP1,16
EIF5A2,16
NHLH2,16
SIAH2,16
CC2D1A,16
MDFIC,16
B3GNT1,16
SHOC2,16
SIRPA,16
TMEM135,16
DTX2,16
TMEM127,16
DOCK4,16
PDE3B,16
SENP6,16
WTAP,16
KIAA1128,16
PANX2,16
SPHK2,16
MED26,16
ZSWIM4,16
DDEF1,16
G3BP2,16
TBX2,16
CDC23,16
ACTN1,16
STAT5B,16
NRP2,16
FAM177A1,16
UBE3A,16
FBN2,16
FAM152A,16
GHR,16
WHSC1,16
DACT1,16
RNF4,16
GNG2,16
AP1S3,16
ASTN1,16
CTBP2,16
LDLR,16
PLXND1,16
WDR1,16
PLEKHH1,16
CITED2,16
MPP5,16
KBTBD8,16
AMOT,16
ROD1,16
CBX7,16
HAPLN1,16
RASD1,16
PID1,16
UXS1,16
HNT,16
ZNF281,16
ZBTB7B,16
FAM108C1,16
SH3BGRL2,16
TMEM65,16
ZNF512B,16
PTPN9,16
SEC24C,16
SLC12A6,16
SCN1A,16
TSPAN5,16
WNK3,16
PTPRJ,16
PLEKHA3,16
SCARB2,16
LMTK2,16
PDS5B,16
GGT7,16
AFF2,16
DDX52,16
RIC8B,16
SERF2,16
ADO,16
GARNL4,16
GPR3,16
PPTC7,16
ITPR1,16
JAKMIP1,16
JAKMIP2,16
STAC,16
GALNT13,16
ZFP36L2,16
USP33,16
SLC2A1,16
B4GALT6,16
TMEM55A,16
UACA,16
SPRY4,16
ITSN1,14
KIAA0265,14
KIAA0256,14
KIAA1598,14
SFXN5,14
RAG1AP1,14
CHST7,14
SKI,14
BMF,14
KDSR,14
FAM38B,14
SP4,14
BICD2,14
ARL5B,14
TNFRSF1B,14
SMCR8,14
KIAA1539,14
CABLES1,14
C6orf106,14
B4GALNT1,14
PEX5L,14
ZHX1,14
ARHGEF9,14
CELSR1,14
CNTN3,14
TMEM189-UBE2V1,14
HUNK,14
TROVE2,14
HECW1,14
POM121C,14
KIAA0152,14
XKR6,14
BTG1,14
FGD1,14
PPP1R2,14
RIMS1,14
LEMD3,14
OSBPL8,14
BCL9,14
DNAJB5,14
ZNF746,14
VPS54,14
SLC35A3,14
HS6ST1,14
RPS6KA4,14
RPS6KA2,14
RPS6KA1,14
MACF1,14
STXBP1,14
RBAK,14
ICA1L,14
DRP2,14
SVEP1,14
GAP43,14
CHSY1,14
HES1,14
C15orf29,14
SUV420H2,14
ZFYVE20,14
SLCO5A1,14
PRKAR2A,14
NIPA1,14
DKFZP564O0823,14
SAMD4B,14
ARL2,14
NPTX2,14
ZNF629,14
ZDHHC7,14
ZDHHC2,14
LPPR2,14
RAB11FIP1,14
RAB11FIP5,14
C20orf20,14
UBE2V1,14
RTN1,14
FAM175B,14
HMGB3,14
FZD3,14
FZD7,14
FHDC1,14
GPR137B,14
SLC6A8,14
AFTPH,14
FAM105B,14
MSRB3,14
KIAA0317,14
ORC2L,14
MARCH3,14
PATL1,14
ADRA2A,14
KIAA0323,14
WASF3,14
RAPGEFL1,14
GNPNAT1,14
SLC20A2,14
SMEK2,14
DTX4,14
TMEM123,14
SENP7,14
GATA3,14
PIP5K1C,14
ARHGAP1,14
HOXC13,14
DLX3,14
NRF1,14
ROCK2,14
RCHY1,14
SYN2,14
PNPLA6,14
NAP5,14
C1orf52,14
CAST,14
CRTAM,14
ODZ2,14
ODZ3,14
RASGEF1A,14
RB1CC1,14
CRY2,14
RAP1GDS1,14
PHCA,14
NCOR2,14
MGLL,14
SLC8A1,14
CSNK1G3,14
PGR,14
TMEM132D,14
P4HA1,14
PLEKHM1,14
RFFL,14
POLR3G,14
C8orf4,14
HIP1,14
PSD,14
KIAA0515,14
APBA2,14
SACS,14
KLHDC5,14
PPP2R5E,14
RBMS1,14
PRRT3,14
JPH1,14
HAS2,14
USP9X,14
TMEM64,14
ZBTB33,14
SLC9A2,14
SLC38A2,14
ZBTB47,14
FAM53C,14
KIF21B,14
EREG,14
PTPRM,14
KIF23,14
CD47,14
COL19A1,14
PAK7,14
GPC4,14
PLEKHA6,14
EP300,14
IVNS1ABP,14
PHF12,14
PHF14,14
PHF13,14
NUP50,14
DIP2B,14
DAPK1,14
ST18,14
FAM160A1,14
BRD1,14
BACE1,14
HSPA13,14
GPR6,14
AHR,14
TPD52,14
BIVM,14
BTBD9,14
DMRTA2,14
TRAF4,14
CHAC1,14
RUNX2,14
MAP6,14
DAZAP2,14
EPB41L4B,14
TSC22D3,14
MAPRE2,14
TRAK2,14
SCD5,14
BASP1,14
PDIA6,14
SNF1LK2,14
PLCXD3,14
KLF15,14
MOSPD1,14
PIP5K3,14
REPS2,14
HCN1,14
ZC3H12A,12
UNC5C,12
DZIP1,12
MMP14,12
RAPGEF4,12
PLAGL1,12
STX6,12
FBXO21,12
ONECUT1,12
TRIM63,12
PRKAA2,12
SEPT10,12
TRIM37,12
TP63,12
FBXO9,12
ZBTB2,12
ZBTB6,12
TACC2,12
PRDM4,12
ADAM12,12
UBA6,12
BHLHB5,12
TBP,12
PI4K2B,12
PRKD3,12
MGC4655,12
PRDM12,12
PRDM10,12
PLK2,12
CHP,12
ADCY2,12
FGF9,12
USP7,12
MCL1,12
UVRAG,12
OSBPL6,12
DAB2,12
UBTF,12
NPEPL1,12
CTDSP1,12
HDAC7,12
GBA2,12
CFTR,12
TMEM184A,12
PUM1,12
PUM2,12
PPP2CA,12
PPP2CB,12
NFYA,12
NR6A1,12
PAIP2B,12
ARHGDIA,12
ZCCHC3,12
DKFZp667G2110,12
RBL2,12
NXF1,12
C3orf58,12
SLC4A7,12
RPS6KB1,12
EML3,12
PRKAR1A,12
EDEM1,12
ERLIN1,12
CS,12
ELOVL5,12
ELOVL7,12
DSCAML1,12
UBE2D3,12
MAK,12
SOCS1,12
KY,12
CDCA7L,12
SLITRK6,12
CNNM2,12
SFRP1,12
RTF1,12
SNX4,12
MICAL3,12
SFRS2,12
PCSK2,12
SLC7A11,12
CCDC128,12
MME,12
VSNL1,12
TARDBP,12
PDGFRB,12
HMP19,12
HMGA1,12
CYCS,12
RBM26,12
YWHAQ,12
RBM33,12
HS3ST3B1,12
EED,12
CHFR,12
DKK1,12
TMSB4X,12
PLCB1,12
RIOK3,12
ABI1,12
ZNF521,12
SOS2,12
MEST,12
KCNJ11,12
EDNRB,12
GPM6A,12
TSHZ1,12
STAB2,12
NEUROG2,12
PDE8A,12
WRNIP1,12
NID2,12
ACBD5,12
IER5L,12
SPEN,12
CDCA7,12
FAT2,12
ARHGAP5,12
HOXC11,12
KIAA1147,12
TXNDC5,12
KIAA0664,12
HHEX,12
PCDH9,12
MID1IP1,12
PCDH7,12
ALG9,12
CDC34,12
KCTD12,12
TBC1D9B,12
GGNBP2,12
EGR2,12
SLC2A4RG,12
AKAP13,12
FLJ36031,12
DEPDC1,12
FJX1,12
NAPB,12
CAB39,12
SH3RF3,12
KITLG,12
NR3C2,12
UBE2I,12
UBE2N,12
UBE2O,12
TCF3,12
ACTC1,12
KRAS,12
CXorf15,12
CEP76,12
HNRNPD,12
PHF3,12
NRSN1,12
PHF8,12
SGMS1,12
GABRA1,12
CDC14B,12
SLC8A2,12
VASH1,12
ILF3,12
KIAA1853,12
RAB6A,12
RAB4B,12
PLXNB2,12
SLC26A4,12
PLEKHH2,12
MLXIP,12
ANGPT2,12
PPP2R2A,12
SEPHS1,12
FUBP3,12
KLHDC8A,12
FUBP1,12
GABPA,12
UGDH,12
APBB2,12
CAPZA2,12
NANOS1,12
LMO7,12
BPTF,12
WNT3A,12
EIF2S1,12
SPRED1,12
MYLK,12
COL24A1,12
CTCF,12
LRRC1,12
JPH3,12
TMEM32,12
PELI3,12
NCDN,12
SPSB4,12
PIM1,12
ZBTB37,12
ATXN7,12
LRRC4C,12
NFE2L1,12
ZBTB46,12
LOC153364,12
TPD52L2,12
KDELR2,12
TSPAN9,12
JMJD2A,12
RGL1,12
CALM2,12
SPTLC1,12
SCML4,12
NDEL1,12
RGMB,12
DPY19L1,12
GPAM,12
SLC30A8,12
CALD1,12
WNT1,12
PHF16,12
HSDL2,12
RB1,12
CNTFR,12
HOXA7,12
DIP2C,12
HOXA5,12
UNC13A,12
SOX13,12
PRR12,12
HIF3A,12
ING5,12
ANXA2,12
PAX9,12
TM9SF4,12
ATP8A2,12
AP1GBP1,12
KIAA0774,12
RLF,12
MAFK,12
TRAF7,12
OXR1,12
EBF2,12
MAP2,12
SRPK2,12
ZMYM4,12
RBM12B,12
ARHGAP19,12
ARHGAP21,12
USP34,12
CAMK1D,12
MUM1L1,12
HCN3,12
PRRG1,12
SSBP3,12
PWWP2A,10
PRKACB,10
FNBP4,10
UNC5A,10
UNC5D,10
IHPK1,10
NEBL,10
PRKAG2,10
NEFL,10
KCND2,10
FBXO10,10
RASL10B,10
VPS13D,10
KIAA0232,10
NECAP1,10
TRIM36,10
TRIM33,10
EFR3A,10
KDR,10
ARL15,10
PKHD1,10
NTNG1,10
SLC10A3,10
ZHX2,10
SYP,10
RNF144A,10
ECOP,10
GAD1,10
SDHC,10
DENND4C,10
FGF18,10
GRM8,10
MKL1,10
SHROOM3,10
MTA1,10
ZIC5,10
FLJ14213,10
SMC5,10
FAM122A,10
VPS39,10
PRKCD,10
AFAP1,10
DEPDC1B,10
BTF3,10
WDR47,10
STON1,10
GAS1,10
PLP1,10
FOSB,10
C1orf173,10
TNC,10
GTF2I,10
MAP2K1,10
DYRK1B,10
SAPS2,10
UBR3,10
EVI5L,10
LANCL3,10
MTPN,10
CEBPG,10
SLC35A4,10
NLGN4X,10
VEZT,10
PDK4,10
BTRC,10
ARRDC4,10
SH2D2A,10
FXR2,10
KIAA0947,10
AHCTF1,10
FAM45A,10
MEOX2,10
TMED7,10
C6orf35,10
GDPD1,10
C12orf23,10
PRKRA,10
SPECC1L,10
MYADM,10
PMAIP1,10
BAMBI,10
SLC40A1,10
IQCK,10
FCHSD2,10
COL6A3,10
NRXN1,10
FAM120A,10
C3orf57,10
SUV420H1,10
SCAMP5,10
GABARAPL1,10
STAG3L4,10
C13orf18,10
RIPK5,10
MDFI,10
GATAD2A,10
LL22NC03-75B3.6,10
PFKFB4,10
SH2D4B,10
PIK3CD,10
KIAA1787,10
FOXL2,10
SLC25A16,10
IL1RAPL1,10
MDGA1,10
SPG20,10
EIF4A2,10
C2orf67,10
CCNL1,10
EPHB2,10
ENTPD1,10
FNDC4,10
ARSJ,10
DOC2A,10
PER2,10
CCNG1,10
SNIP1,10
NPNT,10
VCP,10
MSN,10
PHOX2B,10
KLHL20,10
C20orf111,10
ARHGEF18,10
IRF2,10
LPHN3,10
ATP2B3,10
ATP2B1,10
PNKD,10
ASB8,10
RNF114,10
MYST4,10
COL21A1,10
POU4F1,10
TRMT5,10
LZTS2,10
PHLDA3,10
ANKRD43,10
ANKRD27,10
CNOT4,10
FLJ12993,10
SOST,10
ASPH,10
ZNF608,10
EZR,10
C21orf66,10
SMEK1,10
ELAVL3,10
TMEM100,10
SPEG,10
ARID1B,10
PALLD,10
CHMP7,10
RGS17,10
AKT2,10
C14orf83,10
RNF214,10
CHAF1A,10
PCMTD1,10
SLC7A8,10
SLC7A1,10
CENPP,10
FRK,10
LOC387856,10
NAB1,10
DLX5,10
HSP90B1,10
EIF4EBP1,10
ARPC5,10
DMXL1,10
HAND2,10
HAND1,10
TSPAN14,10
BRP44L,10
BOLL,10
IL10,10
MGAT3,10
SYS1,10
ACTG1,10
PPIF,10
CACNA1A,10
CACNA1I,10
CRTAP,10
TFAP2C,10
SYT9,10
SYT7,10
ASAH3L,10
LDB3,10
FAM73A,10
C1orf83,10
GREM1,10
RER1,10
ARFGEF2,10
EYA1,10
MAP1A,10
PDXDC1,10
PHC1,10
PAM,10
PHF1,10
MKLN1,10
CLCF1,10
LAMP1,10
SLC39A1,10
ANKRD13A,10
CEP135,10
PCTK1,10
BRSK2,10
M6PR,10
LRFN1,10
TLK1,10
TRPC3,10
RAB14,10
KIAA1804,10
D4S234E,10
VGLL4,10
HMG2L1,10
UBTD2,10
MPP1,10
NBR1,10
PXN,10
EFNB1,10
RP11-35N6.1,10
EIF2S2,10
LRP12,10
SEPT8,10
SIX2,10
RFXDC1,10
AXIN1,10
GNA13,10
MAPK7,10
WNT11,10
MAPKBP1,10
PPP4R1,10
RFX4,10
ABCA2,10
CADM1,10
SRPR,10
HTT,10
LOC653319,10
CTGF,10
AP2M1,10
SLC38A1,10
MYT1,10
SLC9A9,10
LRRC58,10
LRRC59,10
GPR88,10
GOT2,10
KSR1,10
AHCYL1,10
hCG_1790474,10
PPP1R3B,10
PCDH18,10
DIRAS1,10
KIF1C,10
RXRA,10
RFTN1,10
DPY19L3,10
KIF26A,10
KIF5B,10
PPFIA4,10
SLC30A3,10
ATG9A,10
HNRNPUL2,10
CALB1,10
SCN5A,10
UQCC,10
GALNT2,10
SBK1,10
SERPINE1,10
COL12A1,10
PRR16,10
HOXB8,10
TSPYL4,10
HOXB6,10
TSPYL5,10
LFNG,10
BRD3,10
TUSC2,10
MAEA,10
AK3,10
BAG5,10
SFRS12,10
RTN4RL1,10
TCERG1L,10
LLGL1,10
STC1,10
SPAST,10
MEMO1,10
RICH2,10
CAMSAP1L1,10
FAM69A,10
RYR3,10
CUX1,10
PHOSPHO1,10
COL4A2,10
USP53,10
ADRB2,10
MARK3,10
SMURF2,10
NR4A3,10
JMY,10
B4GALT1,10
USP38,10
USP14,10
MOSPD2,10
NCALD,10
ABCF2,10
B3GAT1,10
GNPDA2,10
FAM62A,10
HTR4,8
PRKAB2,8
SAR1A,8
ADAMTS19,8
JUB,8
JAG2,8
MRVI1,8
NEFM,8
JAK1,8
MAMDC2,8
DUSP8,8
DUSP9,8
DUSP6,8
SDAD1,8
KCNB1,8
MBD2,8
LGR4,8
LY75,8
PIAS3,8
PKP4,8
GRIA2,8
SON,8
LRCH4,8
PTER,8
E2F1,8
SDC2,8
MYCBP2,8
FBXL3,8
HERPUD2,8
SUFU,8
RAC1,8
RNF144B,8
CNKSR3,8
RNUXA,8
ACTR10,8
PRDM2,8
CARD10,8
ADAM11,8
HTRA2,8
CNN1,8
FGF11,8
LMNB2,8
ZPLD1,8
ELK3,8
NUP210,8
DAAM2,8
ST3GAL3,8
CDKN1B,8
RARA,8
SYVN1,8
FGF1,8
USP3,8
DIO2,8
C1orf151,8
MAP2K7,8
ZNF784,8
BCL2L1,8
MOBKL2B,8
DIS3,8
SMC1A,8
DNAJC6,8
UBXD7,8
HECTD1,8
TUB,8
DNAJA4,8
PDK1,8
COG3,8
C2CD2,8
SIPA1L3,8
BEGAIN,8
GRHL1,8
COLQ,8
C12orf30,8
BMPER,8
ATP1B2,8
CAMSAP1,8
LRRTM3,8
TMEM2,8
PDSS2,8
USP6NL,8
PREX1,8
UBASH3B,8
ZFYVE16,8
CRAMP1L,8
NOX4,8
C13orf23,8
LOC285636,8
ELOVL2,8
CDC42EP2,8
UCP3,8
SMCHD1,8
SLC16A9,8
UBE2E3,8
ADCYAP1,8
SOCS2,8
STK38,8
SOCS4,8
SOCS5,8
ZNF655,8
PCBP1,8
PCBP2,8
SNX9,8
BRUNOL4,8
FLJ41603,8
FAM172A,8
CSDC2,8
CAPN5,8
OSR1,8
UBE2V2,8
KLHL14,8
NDRG1,8
ACACA,8
APPBP2,8
GCLM,8
CHD5,8
RBM16,8
RAB40B,8
UBE2NL,8
TAF15,8
FNBP1L,8
PIP4K2C,8
RNF121,8
SLAIN1,8
VPS26B,8
PLCG1,8
RAB3IP,8
TMEM196,8
SLC6A9,8
TMEM168,8
NMNAT2,8
RNF43,8
CLIP1,8
STIM2,8
DPP10,8
HIAT1,8
KIAA0329,8
NLGN1,8
RBBP4,8
SMARCE1,8
GLRB,8
SLC46A3,8
SOX7,8
PDE12,8
AKAP9,8
PDE1B,8
SIAH1,8
MPPED2,8
WAC,8
KIAA1602,8
STAC2,8
TRIP12,8
ARID4B,8
TOMM20,8
OCRL,8
HSPA5,8
ACBD3,8
SCYL3,8
WIZ,8
ATF1,8
FAR1,8
CDCA4,8
GATA2,8
FN1,8
VANGL2,8
OSBPL11,8
MED17,8
RAB3IL1,8
ZNF473,8
MFN2,8
NUDT11,8
ATXN2L,8
PGK1,8
TAGAP,8
IMPACT,8
MYO19,8
LDLRAD3,8
CCDC92,8
KCTD10,8
KCTD16,8
LPAR1,8
GSPT2,8
GSPT1,8
SH3RF1,8
THTPA,8
C1orf25,8
LOXL2,8
SIDT2,8
GNAZ,8
VCPIP1,8
NASP,8
AMOTL1,8
MXD4,8
LDB2,8
RNF2,8
SPOCK1,8
FBRS,8
FAM155B,8
ADARB1,8
NRBF2,8
ICMT,8
NFATC1,8
GABRB1,8
CEP68,8
KAT2B,8
COL2A1,8
VKORC1L1,8
SYAP1,8
SLC39A9,8
HMGN2,8
MAGI1,8
MAGI3,8
PGF,8
RAB30,8
CCDC21,8
SLC26A9,8
EIF2C2,8
AMD1,8
CXorf39,8
ADAMTS3,8
ADAMTS1,8
ADAMTS9,8
HMGCS1,8
CCDC43,8
CCDC71,8
PPP2R1B,8
KATNAL1,8
CENTG1,8
RALGDS,8
SNAP91,8
SIM2,8
RAB8A,8
RAB8B,8
UNC84A,8
MRFAP1,8
SCUBE3,8
CBX6,8
CBX3,8
CBX2,8
MEGF10,8
SPRED2,8
SPATS2,8
DNM3,8
TCF7L1,8
RFX1,8
IQGAP2,8
HAO1,8
PRRT2,8
EZH2,8
UPF2,8
LYPLA2,8
LYPLA1,8
EXTL3,8
NKTR,8
FRMD6,8
TXLNA,8
TXLNB,8
ATXN2,8
DCDC2,8
PTPN1,8
PTPN4,8
PTPN3,8
PLEKHB2,8
RASSF2,8
PAQR9,8
PISD,8
STX1A,8
L3MBTL3,8
C9orf19,8
CALM3,8
BRCA1,8
CTSC,8
CTSB,8
STX17,8
STX16,8
WWC1,8
IHH,8
RGS4,8
COL5A3,8
PICALM,8
PRR7,8
DDX46,8
GPHN,8
PJA2,8
SH3TC2,8
MAT2A,8
FAM131B,8
PCMT1,8
SOX17,8
UNC13C,8
KIAA1219,8
GALNTL1,8
CHST10,8
LPCAT1,8
RSPO2,8
SSR3,8
PAX8,8
C11orf75,8
ARMCX2,8
ITPR2,8
DUSP19,8
RP2,8
SLC24A4,8
FNIP2,8
SLC11A2,8
STC2,8
DAZAP1,8
RHOB,8
SYDE1,8
APLP2,8
CDYL,8
COL4A4,8
ARHGAP12,8
C10orf104,8
SMAD1,8
PKD1,8
USP25,8
PIK3IP1,8
FAM62B,8
DPYSL5,6
ALKBH1,6
DPYSL3,6
PRKAB1,6
BCR,6
SHMT1,6
MEPCE,6
LYPD6,6
ADAMTS14,6
HEXIM1,6
EIF2AK3,6
SNX13,6
SHE,6
DUSP2,6
KCND1,6
RAPGEF1,6
RICS,6
KCNA4,6
MBD5,6
NFATC2IP,6
MAP3K4,6
MAP3K5,6
ATP11B,6
FAM118B,6
KCNE4,6
FBXO48,6
FBXO46,6
INADL,6
HTR2C,6
ETF1,6
PRKAA1,6
MLLT1,6
ATP10A,6
LOC203547,6
KCNJ3,6
RCBTB1,6
ATXN7L2,6
C6orf120,6
TTBK2,6
HLTF,6
MED13L,6
NET1,6
FBXL2,6
FBXL5,6
SYNCRIP,6
GAB1,6
RAP2A,6
PTPLAD1,6
ARHGEF6,6
FAM5C,6
TFAP4,6
KCNS3,6
PRDM8,6
ZNF81,6
FAM3C,6
TTC7B,6
PLAA,6
TTC26,6
TNFAIP8,6
TNFAIP3,6
GRM5,6
GRM7,6
PLDN,6
SYNGR3,6
TNRC4,6
SV2B,6
ZIC4,6
HS3ST4,6
POLE4,6
TBX15,6
SMC6,6
FREM2,6
MTDH,6
XKRX,6
HOMER2,6
CGN,6
FAM123A,6
CIT,6
CXorf1,6
ADCY3,6
SLC17A5,6
SLC17A7,6
MCF2,6
PCGF2,6
RRP1B,6
PLP2,6
GTF2B,6
PLS1,6
MORF4L1,6
C22orf9,6
UBOX5,6
LHX2,6
PDCL,6
CPM,6
TSN,6
HDAC5,6
VPS4B,6
TTL,6
ZNF740,6
TMEM183A,6
HS6ST3,6
RPS6KA5,6
DAG1,6
C12orf66,6
PDHX,6
SLC22A5,6
FAM43B,6
TMEM184C,6
PARVA,6
ZCCHC11,6
SLC35F5,6
SLC35F4,6
RSF1,6
TMED9,6
ZDHHC17,6
FAM44B,6
ZDHHC21,6
PDPR,6
SVIL,6
C3orf63,6
CCDC28B,6
NOPE,6
LARGE,6
MLL5,6
TSGA14,6
LRRTM2,6
BTBD14A,6
DCC,6
THRAP3,6
AKT1S1,6
COL6A6,6
C15orf52,6
OPCML,6
ATP13A2,6
RBPJ,6
LIPE,6
GAPVD1,6
EML1,6
CGGBP1,6
MTMR4,6
DYNC2LI1,6
PRKAR2B,6
SETX,6
ARF4,6
ARF1,6
IKBKE,6
C13orf30,6
EMP1,6
F3,6
GPRC5B,6
ARF6,6
CSMD3,6
C22orf13,6
YLPM1,6
MAP3K7IP2,6
SLC16A6,6
MAX,6
PPP1R13B,6
NRARP,6
DGCR8,6
ZNF641,6
VPS37C,6
VPS37B,6
PIK3CA,6
PPP1R12C,6
ST6GALNAC6,6
RNFT2,6
LRP1,6
LRP8,6
CNNM1,6
SLITRK2,6
SLITRK1,6
CDC37L1,6
CTHRC1,6
MMAB,6
FOXJ2,6
LOC283871,6
PVRL2,6
ZDHHC6,6
ZDHHC1,6
ZDHHC3,6
ULK1,6
EPHA10,6
PCBP4,6
SNX6,6
CCDC120,6
AATK,6
IKBKAP,6
FOXC1,6
C20orf77,6
KIAA1712,6
CCND3,6
C9orf102,6
CCNE2,6
ANKHD1,6
GCLC,6
CD164L2,6
SEC61A1,6
ZNF385C,6
ZNF385B,6
LRRFIP1,6
ARHGEF11,6
ARHGEF15,6
GOSR2,6
RRBP1,6
FAM98A,6
VIM,6
ZFP161,6
DKK2,6
KIAA0368,6
NKX2-4,6
JUND,6
FZD6,6
TMEM16F,6
SLC2A13,6
EN1,6
TMEM178,6
HOXD10,6
GCNT4,6
SOLH,6
PHLDB1,6
PHLDA1,6
SYPL1,6
RNF180,6
CYBRD1,6
EIF4E3,6
DNMT3B,6
KCNAB1,6
CNGB3,6
WBP2,6
WBP4,6
WASF1,6
IRX4,6
SGCZ,6
CUL4A,6
METAP2,6
SOX2,6
EDNRA,6
RUSC2,6
ARL6IP2,6
OVOL1,6
NECAB3,6
GMCL1,6
RP5-1000E10.4,6
DTNA,6
PARP16,6
PDE3A,6
ITM2C,6
CLIC5,6
CX3CL1,6
PACS1,6
CXCR5,6
ARNTL,6
PODN,6
TJP2,6
POGK,6
CIB2,6
TMEM145,6
ELMO1,6
SPNS1,6
DTX1,6
TMEM128,6
TMEM129,6
TMEM115,6
DLG4,6
DOCK9,6
FLOT2,6
FGA,6
RNF207,6
ACAN,6
MYCL1,6
LCA5,6
ARID3A,6
PMP22,6
TBKBP1,6
PHKA1,6
CTAGE5,6
PDGFC,6
FLJ20489,6
MTMR10,6
ATL3,6
DLST,6
CENPB,6
WNT7A,6
CRLF3,6
PTF1A,6
BNIP3L,6
TBR1,6
CHODL,6
KHDRBS2,6
EIF1AD,6
CORO2B,6
ITGB3,6
PGM1,6
APAF1,6
TSPAN33,6
FYN,6
MARCKSL1,6
MYO1B,6
EIF3J,6
SCAPER,6
CDC40,6
LPAR4,6
KALRN,6
SEC14L1,6
ATP6V1C2,6
EGR1,6
GREB1,6
SMARCA5,6
RAB27A,6
ACCN2,6
ZNF322A,6
NAT13,6
NAT12,6
AKAP12,6
AKAP11,6
ATMIN,6
PABPC1,6
SHOX,6
CRTC1,6
LOXL3,6
AMMECR1L,6
IL6R,6
UBE4A,6
TBC1D2B,6
CACNA1E,6
CACNA1G,6
SYT6,6
CCPG1,6
HOOK1,6
GNAQ,6
DNAL1,6
RND3,6
MAN1A2,6
C8orf58,6
ATP6V1B2,6
C10orf18,6
SPOCK2,6
MAN1C1,6
PHYHIPL,6
HMOX2,6
PHC2,6
DMPK,6
FOSL2,6
EHD1,6
SNAI2,6
KIAA1033,6
C18orf62,6
ZNF280B,6
SHPRH,6
ELMOD2,6
ASCL1,6
DEDD,6
YTHDF1,6
YTHDF2,6
SLC8A3,6
CSDA,6
TMEM39A,6
LAMP2,6
HMGN3,6
RAB2A,6
VRK3,6
RAB35,6
ADNP,6
FAM8A1,6
CSNK1G2,6
FAM114A1,6
PLXNA1,6
LRFN2,6
ADPGK,6
ICHTHYIN,6
CYR61,6
ADAMTS4,6
FRAP1,6
WDR7,6
RAB23,6
FBXL14,6
CBLB,6
ESCO1,6
ESCO2,6
ATP6V0A2,6
VASP,6
NARG2,6
LIMD1,6
XPO6,6
XPO5,6
KIAA1826,6
ITFG1,6
RAB7A,6
PTGER4,6
TWISTNB,6
LHFPL4,6
NRCAM,6
RBM35A,6
FAM83F,6
FAM164C,6
IDH1,6
CHMP2B,6
YBX2,6
SEPT9,6
SEPT7,6
MCF2L,6
CASP2,6
TRAPPC6B,6
PFDN4,6
LIMK1,6
LPIN2,6
CHIC2,6
FAM134A,6
HDHD2,6
CLDN8,6
FLI1,6
ABTB2,6
GPR26,6
LMBR1,6
SH3BGRL3,6
CGNL1,6
MRPL49,6
ZNF518B,6
GGA2,6
EXTL2,6
GGA3,6
BTAF1,6
FLNC,6
GOPC,6
ZBTB20,6
SESN2,6
OLFM3,6
SLC9A6,6
ROR2,6
SLC38A4,6
PPM1K,6
NTN1,6
BARX2,6
LRRC8D,6
LRRC8A,6
C9orf41,6
SMAP1,6
PTPN5,6
AHCYL2,6
KIF21A,6
ZFP2,6
ANK2,6
PPP1R3D,6
SCN3A,6
IQSEC1,6
ST8SIA1,6
EAF1,6
VSX2,6
FAM57A,6
PTPRO,6
PTPRK,6
C5orf42,6
SCML2,6
SPTLC3,6
PLEKHA7,6
DPY19L4,6
KIF26B,6
CD83,6
KHSRP,6
CAMTA2,6
WNT4,6
ATG4D,6
DCTN5,6
AK3L1,6
GALNT3,6
CLCN6,6
ZXDC,6
HOXA1,6
SOX10,6
DYNC1LI2,6
HOXB5,6
POM121,6
FAM160B2,6
RAD21,6
UPF3B,6
CDC7,6
TADA1L,6
RSPO3,6
ANXA7,6
AP3S1,6
TIGD5,6
ITPKB,6
CTDP1,6
AHNAK,6
C11orf57,6
C11orf61,6
NOTUM,6
DGKG,6
MAF1,6
GPT2,6
ARMCX3,6
C17orf85,6
CUL1,6
ANKRD34A,6
NSFL1C,6
PTP4A3,6
AP3M2,6
C4orf16,6
CACNG2,6
SPARC,6
CDON,6
TMTC2,6
SGPL1,6
BANP,6
TMEM50B,6
STAM,6
ANP32E,6
BAP1,6
GYS1,6
AP3B1,6
NME4,6
IL17RD,6
PTCHD1,6
C1GALT1,6
KIAA1199,6
EPDR1,6
KCTD5,6
KIF16B,6
COL4A3,6
DPP9,6
MARK4,6
SMAD3,6
ARHGAP28,6
OPN5,6
KLF10,6
ABCC4,6
PTGIS,6
B4GALT5,6
CAMK2A,6
LGI1,6
NAP1L3,6
USP28,6
SCD,6
PTPDC1,4
FAM19A5,4
FEZ2,4
ORAI3,4
LNPEP,4
HYOU1,4
MMP11,4
TMEFF2,4
CHST2,4
CHST3,4
JAM3,4
EGLN2,4
MBD1,4
SNX17,4
SNX15,4
PDCD6,4
MSI2,4
EFEMP1,4
ARL8A,4
GRIA1,4
IREB2,4
NPAS3,4
KRTAP4-4,4
SP6,4
CLPTM1L,4
NKX3-2,4
UNC45B,4
ERBB2IP,4
TRIM55,4
TNFRSF21,4
UHRF2,4
NNAT,4
TRIM46,4
CABLES2,4
TRIM23,4
TP53,4
TMEM63B,4
C16orf63,4
SYNGR1,4
SDC1,4
PPP3CB,4
ARHGEF4,4
HISPPD1,4
KLHL2,4
KLHL9,4
PTRF,4
RAG1,4
ADAM17,4
ECT2,4
MKRN3,4
PCTP,4
TNFAIP1,4
GRM1,4
EEF2K,4
ZIC2,4
SHROOM4,4
ELF4,4
BNIP2,4
HS3ST2,4
GALC,4
FRMPD4,4
ELK1,4
GJA3,4
GJA5,4
BCAN,4
DAAM1,4
VPS24,4
NCSTN,4
ST3GAL5,4
NDFIP2,4
XKR8,4
ARL2BP,4
DENND1B,4
CDKN1A,4
DENND1A,4
SMG7,4
LYST,4
EDARADD,4
FAM126A,4
PAPSS2,4
FGD4,4
MBNL3,4
PIP3-E,4
CFL2,4
CFL1,4
MAP2K3,4
USP5,4
TPM3,4
USP2,4
THOC2,4
BTLA,4
AKIRIN1,4
BCL3,4
ZNF770,4
GAL3ST3,4
DNAJC1,4
DNAJC5,4
VPS4A,4
TTN,4
UBXD2,4
HECTD2,4
SLC35A2,4
SLC35A1,4
LEP,4
MAB21L2,4
SLC35B3,4
AQP2,4
HS6ST2,4
IL1R1,4
HECA,4
ZNF828,4
TMEM184B,4
SLC35E1,4
SLC35E4,4
SLC35F1,4
COIL,4
EDN1,4
ZDHHC16,4
MTSS1,4
MATN3,4
MATN2,4
C12orf36,4
C12orf35,4
NUPL1,4
TCTEX1D1,4
LONRF3,4
CPSF2,4
ZCCHC4,4
FGFR3,4
THRA,4
LRRTM4,4
C15orf41,4
HGSNAT,4
FCHSD1,4
ALDH1A3,4
RBL1,4
RABEP1,4
CDH13,4
TMEM9,4
C15orf27,4
PDE10A,4
ZFYVE1,4
STARD7,4
MTMR1,4
SHOX2,4
GRIN2A,4
RSU1,4
LITAF,4
APPL2,4
C7orf58,4
NSUN4,4
FSTL1,4
GLRA3,4
STAT6,4
LYRM2,4
CXCL14,4
ZNF689,4
SBNO2,4
SOCS7,4
CPA4,4
KIAA0423,4
POMT2,4
SUMO2,4
VPS37A,4
SLC25A15,4
ST6GALNAC5,4
LRP2,4
SLC25A27,4
SLITRK4,4
PC,4
SLC25A32,4
SLC25A36,4
TXNDC10,4
ZDHHC8,4
BCAP29,4
C2orf55,4
THAP6,4
ULK2,4
TAGLN3,4
ZNF710,4
C20orf39,4
SNX1,4
SFRS8,4
RCE1,4
COL9A3,4
CCDC126,4
FOXD1,4
STARD3NL,4
NCOA4,4
CRELD1,4
DBN1,4
NEDD9,4
C20orf82,4
YIPF2,4
YIPF4,4
YIPF5,4
XK,4
PER3,4
CCNG2,4
KLHL31,4
FAM176A,4
BMP7,4
BMP6,4
BMP1,4
CHD4,4
MTR,4
ARHGEF10,4
DYNLT1,4
TBC1D1,4
SFPQ,4
HMGCR,4
C20orf103,4
CHGA,4
ASB7,4
LOC144097,4
CREB3L1,4
CREB3L2,4
PIP4K2A,4
RNF111,4
MED6,4
FAM100B,4
NKX2-3,4
FZD1,4
SLC16A10,4
TMEM198,4
FA2H,4
PPP5C,4
GIPC1,4
PLCH1,4
ELN,4
TMEM181,4
ENSA,4
GPRASP2,4
PLCB4,4
GCNT1,4
FAM105A,4
RPL15,4
TMEM16A,4
GPR155,4
ZNF583,4
ZNFX1,4
TMEM159,4
RFWD3,4
COL16A1,4
ORC5L,4
RNF19A,4
NEUROD4,4
ANKRD29,4
CD163,4
MARCH8,4
DHCR24,4
MARCH7,4
MARCH6,4
ALS2CR8,4
KIAA1632,4
GPR107,4
FLJ45803,4
SGCB,4
ASPN,4
RBBP5,4
RBBP8,4
RBBP6,4
RNF26,4
KCNIP4,4
CUL4B,4
GDE1,4
SOX1,4
CHEK1,4
SOX9,4
GOLGA7,4
CD109,4
RRAGD,4
VDAC2,4
CBLL1,4
PATZ1,4
ACADSB,4
PARP12,4
SH3KBP1,4
C9orf7,4
PACS2,4
ARNT2,4
C19orf6,4
TJP1,4
ELMO2,4
LMX1B,4
SDCBP,4
SUDS3,4
HSPA9,4
LMOD1,4
NFKBIZ,4
STRN4,4
POLQ,4
GDAP1,4
GDAP2,4
KIAA1109,4
TBK1,4
FRS3,4
GATA4,4
DLGAP3,4
BAZ1A,4
SLC7A6,4
PPARD,4
ABCB10,4
TAOK3,4
ETNK2,4
SLMAP,4
CENPO,4
PLOD2,4
FRY,4
EIF1AX,4
CASD1,4
CDC25B,4
DLX2,4
KHDRBS3,4
SMYD5,4
SHC1,4
CREM,4
NADK,4
GPR109A,4
SNAP29,4
ACTR2,4
ADORA2B,4
LCP1,4
PRPS2,4
BECN1,4
TBX1,4
NTRK2,4
NTRK3,4
TBX5,4
HNRNPAB,4
MYO1E,4
CPNE8,4
HERC2,4
CCDC97,4
EPC1,4
KCNK10,4
FAM76A,4
SLC45A3,4
SEC14L2,4
SEC14L5,4
ATP6V1C1,4
TBC1D8B,4
RANBP17,4
SMARCA2,4
MYO5B,4
NAT11,4
MAP1LC3B,4
NUDCD1,4
OTUD6B,4
CAP1,4
SFTPH,4
SYN1,4
PABPC3,4
CRTC2,4
UBE3C,4
CRKRS,4
TBC1D20,4
MAP7D1,4
CACNA1D,4
CACNA1H,4
TBC1D15,4
TFAP2D,4
CAV3,4
GNB1,4
FAM70A,4
MAN1A1,4
MKNK1,4
EYA2,4
HNRNPR,4
AP1S1,4
PROK2,4
GNE,4
PHF2,4
GMEB2,4
TAF7L,4
TEAD3,4
HADHB,4
PLEKHO1,4
RNMT,4
SGMS2,4
ADRBK1,4
GABRA4,4
KIAA1045,4
WDR45L,4
C18orf19,4
RAB43,4
CLCC1,4
HRNBP3,4
FRMD4B,4
DMWD,4
CCDC25,4
DVL3,4
EIF2B5,4
REEP2,4
PLEKHF2,4
CCDC47,4
ADAMTS8,4
MTFR1,4
THSD3,4
RAB24,4
PML,4
TLL1,4
PPIL6,4
FRAT2,4
DENR,4
MAPK8IP3,4
UHMK1,4
CENTG2,4
SUCLG2,4
SPTBN4,4
DCUN1D1,4
TWIST1,4
TRPM6,4
KLHDC8B,4
VASN,4
ROBO1,4
CLDN22,4
MGC13057,4
ITFG3,4
VAV2,4
CLDN10,4
CLDN12,4
GABRE,4
APBB3,4
MYEF2,4
GUCY1A3,4
WNT5B,4
ANXA11,4
CABP1,4
RBM35B,4
KLHDC3,4
POU2F2,4
POU2F3,4
EFNA1,4
SEPT6,4
H2AFX,4
HLX,4
LIMK2,4
HN1,4
FAM167A,4
RABGEF1,4
KIAA1333,4
RUFY3,4
TTYH2,4
COPS7A,4
NCAN,4
TMEM47,4
UPF1,4
MANEAL,4
VAMP7,4
TMEM106B,4
VAMP1,4
HAP1,4
LRRC15,4
PTGS2,4
GPR63,4
GPR64,4
PIM3,4
PIM2,4
SH3GLB1,4
SLC9A8,4
C9orf80,4
SLC38A9,4
RBPMS,4
ZBTB11,4
C9orf69,4
FASLG,4
ARRB2,4
KIAA1305,4
ATP7B,4
ATP7A,4
ERC2,4
PPM1B,4
SEC22B,4
GTF3C2,4
SEC23A,4
CCL7,4
SH3BP5,4
CCL1,4
C9orf40,4
ATP9A,4
SEC24A,4
NDUFA4,4
SMAP2,4
PTPN2,4
KDELR1,4
AADACL1,4
SCN1B,4
SLC12A9,4
TMPO,4
TMEM194A,4
PAQR3,4
STX1B,4
C13orf1,4
C5orf15,4
PGBD5,4
TSPAN2,4
CTSA,4
GTF2A1L,4
LRRN3,4
ST8SIA3,4
JMJD2B,4
HSPA12A,4
ANLN,4
CD28,4
PTPRT,4
PTPRU,4
SCML1,4
CCR7,4
CCT3,4
PDRG1,4
DERL2,4
CAMKK1,4
PAK2,4
PAK4,4
TSNAX,4
TMUB2,4
FHOD3,4
KIF5C,4
PPME1,4
KIF5A,4
PPFIA3,4
RGS6,4
SLC30A6,4
LMTK3,4
MID1,4
SCN8A,4
KIF3C,4
PACSIN1,4
PPP1R9B,4
CALB2,4
TIMM17A,4
TIMM17B,4
HSDL1,4
CREB1,4
SCN4B,4
INA,4
MAT2B,4
PRTG,4
MAPK14,4
PRIMA1,4
SYTL2,4
MST150,4
HOXC5,4
HOXC6,4
RET,4
ADC,4
KIAA1274,4
FMN2,4
TRIM3,4
TCF15,4
ITPK1,4
MRAS,4
LMAN2,4
C17orf70,4
WWP2,4
KTN1,4
CHRM2,4
CLSTN1,4
CDH5,4
MUTED,4
CACNB3,4
CACNB4,4
CUL2,4
FLJ12529,4
GTF2E1,4
KLC2,4
ATP8B4,4
ZZEF1,4
RAD9B,4
LOC399947,4
PTPN21,4
DUSP16,4
SLC37A3,4
SH3D19,4
PTP4A2,4
EFHC1,4
LUZP2,4
C4orf19,4
MAL2,4
BAK1,4
SPAG7,4
SEMA4B,4
KLF5,4
APP,4
EBF4,4
CDS1,4
LMAN2L,4
IGSF1,4
TMTC1,4
MAP7,4
MAP4,4
SESTD1,4
RYR2,4
AUH,4
TFEC,4
MAPRE3,4
MAPT,4
RANBP3,4
AP3D1,4
AXL,4
CAMK4,4
GALNT12,4
GOLT1B,4
KCTD2,4
KCTD7,4
COL4A6,4
CMPK1,4
COL4A5,4
C14orf129,4
SEZ6L2,4
STK3,4
WSCD2,4
RALYL,4
C14orf145,4
MARS2,4
TGFBR3,4
C10orf137,4
HCN4,4
ZNF192,4
MCART6,4
SGPP1,4
C14orf102,4
FMNL2,4
AQP11,4
SCOC,2
PWWP2B,2
SLA2,2
ALKBH5,2
HTR7,2
CAPNS1,2
FAM19A2,2
SAP30BP,2
FNBP1,2
EWSR1,2
MTHFD2,2
ZC3H11A,2
IHPK3,2
SF1,2
SLBP,2
UNC119B,2
COL13A1,2
SHMT2,2
KIAA0284,2
ZNF24,2
ZNF25,2
T,2
HLCS,2
JUN,2
BTBD10,2
MOV10,2
PPFIBP1,2
PPFIBP2,2
PKIA,2
SFXN1,2
SHF,2
MMP24,2
JAK2,2
DUSP3,2
TMEFF1,2
PLSCR3,2
MMP15,2
RAPGEF6,2
ADAM22,2
SNX33,2
SNX25,2
STX3,2
BID,2
EGLN1,2
RIC3,2
EGLN3,2
ATAD5,2
ZNF76,2
SNX24,2
KIAA2013,2
TARBP1,2
PRKRIR,2
NCAPD3,2
GZF1,2
MTCH2,2
RIF1,2
LAPTM4A,2
SLN,2
TOM1,2
MAP3K8,2
DGAT2,2
SMS,2
UQCRB,2
SDF2L1,2
API5,2
RFXANK,2
G6PC2,2
SH3BP5L,2
KCNK5,2
HTR2A,2
KIAA1542,2
UNC45A,2
HTR3D,2
SMCR7,2
TRIM56,2
C1R,2
KIAA0241,2
LENG8,2
SRI,2
MLLT4,2
TRIM45,2
CDKN2AIPNL,2
OCIAD1,2
KCNK1,2
KCNK2,2
KCNK3,2
C16orf88,2
RCBTB2,2
TRIM25,2
TNFSF11,2
FBXO3,2
ARL10,2
KCNQ4,2
C6orf115,2
AARS2,2
SDC4,2
tcag7.1177,2
ZBTB1,2
NKAIN2,2
NKAIN1,2
RRAS,2
TGDS,2
NBEAL2,2
PTK2,2
FBXL7,2
AP4E1,2
C6orf145,2
AGTRAP,2
KIN,2
ARHGEF1,2
C14orf1,2
ARHGEF2,2
PTMA,2
C6orf154,2
ATPAF1,2
AHCY,2
ORMDL2,2
ORMDL3,2
PEX19,2
MRE11A,2
ETAA1,2
SEC23IP,2
RIT2,2
C6orf195,2
PRUNE,2
INPPL1,2
PLAT,2
GNPTAB,2
TGM3,2
TMOD3,2
TMOD2,2
CARTPT,2
SDHD,2
CARD11,2
PLD3,2
CNN2,2
COX11,2
CNTN5,2
DENND4B,2
C6orf182,2
LHFP,2
SDK1,2
AHI1,2
MKRN2,2
UBA2,2
FGF12,2
MYBL2,2
ATP6AP2,2
SHROOM2,2
OLIG2,2
ELF1,2
RALA,2
RALB,2
TTC13,2
USF1,2
TNIP1,2
COL7A1,2
PTX3,2
TEK,2
FAM122B,2
KIAA1467,2
PRSS8,2
VPS36,2
PRKCI,2
QTRTD1,2
VPS25,2
ZSCAN29,2
HISPPD2A,2
SYNC1,2
BLOC1S2,2
C3orf18,2
PLK3,2
HOMER1,2
MCAM,2
WDR55,2
XKR4,2
SETD2,2
WDR48,2
SETD3,2
CHM,2
ASH2L,2
WDR45,2
WDR43,2
SMG6,2
EXOC8,2
CDYL2,2
EXOC4,2
GAS2,2
ANGPTL1,2
ADCY7,2
FAM129B,2
ERMP1,2
SLC17A6,2
PCGF6,2
SNCAIP,2
KIAA0195,2
GATM,2
NFIC,2
FGF5,2
TNR,2
DRAM,2
CSGALNACT1,2
IFNAR2,2
TPM4,2
PYGO2,2
FKBP3,2
ZNF793,2
GLT8D4,2
UBR7,2
C1orf149,2
KIAA1409,2
AKIRIN2,2
C1orf168,2
OSBPL2,2
MAP3K10,2
ZNF777,2
TPP1,2
LHX9,2
MOBKL2C,2
SYNE1,2
KIAA1429,2
TNPO3,2
LANCL1,2
COBL,2
HDAC2,2
CEBPB,2
HDAC9,2
STOX2,2
ABLIM3,2
HECTD3,2
MFAP3,2
ASXL3,2
SLC35B2,2
ZMYND8,2
AQP1,2
HMCN1,2
SYNPO,2
CRNKL1,2
SRRM1,2
KIAA0922,2
ZNF839,2
C12orf53,2
SLC22A3,2
C6orf91,2
RPS29,2
C12orf12,2
ZCCHC17,2
FAM44A,2
AIDA,2
WIBG,2
FYTTD1,2
ZDHHC20,2
GDPD5,2
TCEAL4,2
TCEAL1,2
C6orf65,2
PURG,2
C12orf41,2
PDP2,2
MPHOSPH8,2
C12orf32,2
C3orf64,2
AZI2,2
ATP1B4,2
PPAPDC2,2
TRPC4AP,2
MATR3,2
CLEC16A,2
LPL,2
CDH20,2
CPSF4,2
NONO,2
COQ7,2
COQ2,2
DIAPH3,2
BLMH,2
BRWD3,2
C3orf23,2
RBM3,2
RBM7,2
SVOP,2
SYT14L,2
CDH10,2
ALDH1A2,2
ZPBP2,2
C15orf54,2
NRXN3,2
NRXN2,2
LIN9,2
SNCB,2
SNCA,2
DES,2
CAPN12,2
KIAA0907,2
TSEN54,2
ZDBF2,2
MPRIP,2
LIPH,2
LIPG,2
LRAT,2
STARD3,2
HPCAL4,2
SCAMP3,2
SCAMP2,2
AR,2
EML5,2
SLC5A9,2
MTMR6,2
HACE1,2
ERLIN2,2
MLLT11,2
SASS6,2
ARF3,2
WIT1,2
TUBA1A,2
HEY1,2
UCN2,2
ELOVL4,2
ELOVL6,2
NIPA2,2
SUMF1,2
RILPL1,2
CSMD2,2
DMN,2
TTLL7,2
UBAP1,2
C7orf26,2
HR,2
HNMT,2
MYLK3,2
HDDC3,2
STK11,2
SLC25A42,2
PITX1,2
UBE2E2,2
DSC2,2
NSMAF,2
DSC3,2
PFKFB2,2
ARL1,2
BCL2L12,2
DBC1,2
ZNF664,2
BCL2L15,2
KL,2
DR1,2
GFPT1,2
TNFRSF10B,2
KIAA0430,2
AICDA,2
KIAA0427,2
STK25,2
FGFR1OP,2
MGC33894,2
MDM1,2
ARHGAP11A,2
FOXM1,2
MRPL3,2
CAPZB,2
PPP1R13L,2
MDK,2
EMX2,2
DBF4,2
SLC25A12,2
NP,2
LRP5,2
FOXK1,2
SLC25A26,2
PTPRZ1,2
SLITRK5,2
SLC25A24,2
LINGO1,2
C2orf71,2
DHODH,2
PVRL4,2
SLC25A34,2
EIF4A1,2
TXNDC15,2
UBE2L3,2
C2orf68,2
CHORDC1,2
EPHA5,2
SLC34A2,2
ENTPD4,2
ENTPD5,2
MMD2,2
FNDC8,2
TMEM87A,2
PIK3R2,2
COMMD8,2
SNX2,2
APH1B,2
ZNF706,2
C2orf42,2
RBM12,2
N4BP2,2
ARSB,2
SNX5,2
MICAL2,2
MKX,2
SUV39H1,2
SLC7A10,2
CLYBL,2
NCOA5,2
CSDE1,2
CCNI2,2
PGRMC1,2
SERTAD3,2
SERTAD4,2
GLULD1,2
UBE2G2,2
FKBP1A,2
PER1,2
ZDHHC9,2
FOXA2,2
ACAA2,2
C20orf160,2
BCCIP,2
OGDHL,2
MPZ,2
CYBB,2
RTN3,2
KLHL17,2
CCDC138,2
CPS1,2
LSM14B,2
CHD3,2
LOC196993,2
BCL7B,2
SULT4A1,2
DYNLT3,2
RCN1,2
RCN2,2
MMRN1,2
GORASP2,2
TBC1D7,2
PEX5,2
C20orf117,2
LAMA4,2
C1orf2,2
TGFBRAP1,2
DBX2,2
C9orf165,2
EFS,2
RAB40C,2
RBM39,2
LAMB3,2
TAF12,2
LEPREL1,2
GOLPH3,2
BRMS1L,2
VIP,2
ASB1,2
TRIO,2
GLDC,2
ADNP2,2
BVES,2
NKX2-8,2
DKK3,2
RNF128,2
GCS1,2
RNF122,2
DULLARD,2
VPS26A,2
PRDX3,2
NKX2-1,2
SNRP70,2
CHKA,2
PRDX6,2
SLC16A14,2
TMEM180,2
GPR137,2
RNF150,2
RNF152,2
ZC3H10,2
SLC2A12,2
GPR125,2
RNF166,2
ZNF597,2
ZNF594,2
FIGF,2
SSFA2,2
GRAMD2,2
TMEM169,2
TMEM150,2
SLCO4C1,2
ZNF579,2
PLCD1,2
BEST3,2
BEST1,2
FLJ36070,2
ZNF563,2
ANKRD46,2
SYPL2,2
CLIP2,2
NCL,2
ERF,2
ANKRD42,2
ANKRD40,2
PHLDB2,2
CSF1R,2
CALCRL,2
ABHD3,2
ABHD5,2
HMBOX1,2
NEUROD6,2
RNF170,2
FAM26E,2
LSM5,2
MARCH4,2
CHERP,2
ARPP-21,2
ZNF536,2
NF2,2
CNOT8,2
C19orf63,2
FAM29A,2
CALCOCO1,2
RNF11,2
CALCOCO2,2
BNC1,2
NAGPA,2
GRASP,2
VSTM2L,2
BAGE2,2
BAGE3,2
SCGB2A1,2
PKHD1L1,2
RNF34,2
ZNF503,2
WASF2,2
RPH3AL,2
KCNJ10,2
KCNJ12,2
KCNIP3,2
NIN,2
INSM1,2
CBLN4,2
RHEBL1,2
PFKM,2
CDRT1,2
GLTP,2
ZNF607,2
SOX8,2
UBAP2L,2
ARL6IP6,2
ACSL6,2
OVOL2,2
RRAGA,2
RRAGB,2
PRNPIP,2
HEPACAM,2
C19orf47,2
GNG10,2
NUAK2,2
NHLH1,2
PTPRN2,2
SS18L2,2
DDIT4L,2
GNG12,2
PARP11,2
GDI1,2
GDI2,2
PRPF19,2
GLIPR1,2
DLAT,2
PRMT6,2
PACRG,2
AMPD3,2
RAB33B,2
ALDOA,2
TOMM40,2
FAM23A,2
AKAP5,2
AKAP1,2
RGAG1,2
DISC1,2
CORIN,2
MPZL1,2
DNAJC5B,2
LBX1,2
KRT17,2
TRIP10,2
CYorf15B,2
C7orf28B,2
TOMM22,2
ANGEL1,2
TMEM133,2
KIAA2026,2
UGCGL1,2
DNAJC24,2
NID1,2
CPLX1,2
LTBP1,2
ZC3H18,2
ATP6V1F,2
HSPA4,2
TGFB3,2
HSPA2,2
DNAJC18,2
RFXAP,2
RLBP1L1,2
TMEM119,2
TGFBI,2
NFKBID,2
NIP30,2
DOCK5,2
DOCK7,2
LMOD3,2
TMEM104,2
ZC3H7A,2
TMEM108,2
SENP2,2
DOCK2,2
DOCK1,2
TSEN34,2
KRT80,2
RGS14,2
RGS16,2
NRIP3,2
SGTB,2
CMTM4,2
CMTM6,2
SGTA,2
ATF2,2
F11R,2
RAVER1,2
AKT3,2
GTSF1,2
TPRG1L,2
PLA2G3,2
CDCA8,2
RNF213,2
RHOT1,2
EPB41L2,2
EPB41L3,2
FUCA1,2
NR2F6,2
CILP,2
RNF220,2
ACHE,2
MTMR14,2
MED19,2
HOXC10,2
TCP11L1,2
DLGAP1,2
BAZ1B,2
OAF,2
MED21,2
PPARG,2
ERGIC2,2
ERGIC1,2
CRB2,2
ELOF1,2
SLC7A2,2
FRZB,2
SPOP,2
KIAA1161,2
WTIP,2
SLCO3A1,2
CENPK,2
YPEL1,2
YPEL5,2
CRAT,2
YPEL4,2
ZNF451,2
NAB2,2
NUDT10,2
LOC552891,2
ZNF440,2
FTL,2
DLX6,2
LIN7A,2
SPATA8,2
SLC9A3R2,2
IGSF22,2
EIF4EBP2,2
SMYD4,2
SLC14A1,2
SLMO2,2
ODF2,2
GPR109B,2
HPS5,2
CORO2A,2
OGN,2
DMXL2,2
ZNF410,2
ITGB4,2
ALAD,2
ITGA2,2
RRM2B,2
SYF2,2
MGRN1,2
PBXIP1,2
LRRC16B,2
KCTD20,2
FSD1,2
PCDH1,2
IKIP,2
MYO16,2
TBX3,2
CD247,2
PIK3AP1,2
SMARCB1,2
CCDC89,2
HHIP,2
SNRPD1,2
CDC27,2
TBC1D22A,2
OMG,2
MFSD11,2
TRIB3,2
CCDC82,2
SLC45A4,2
OSGIN2,2
SMARCA4,2
ACCN1,2
ICA1,2
DFNB31,2
SLC32A1,2
PABPC4,2
SYN3,2
MGAT2,2
GCA,2
NUDT8,2
TTC3,2
CCNYL1,2
TCAP,2
PNPLA2,2
CRTC3,2
ZFAND6,2
PCDH11X,2
LOXL4,2
UBE3B,2
FAM150B,2
UBE4B,2
POU3F1,2
GPRIN3,2
SIDT1,2
TBC1D25,2
WDFY3,2
TBC1D19,2
C1orf77,2
TCF7,2
HIGD1A,2
IRAK1,2
TBC1D14,2
TBC1D17,2
C1orf71,2
YARS,2
TFAP2E,2
CNOT10,2
C8orf37,2
NAT5,2
GNB4,2
DNAL4,2
C1orf96,2
GDAP1L1,2
MYO18A,2
WHSC2,2
SNTA1,2
ACTA1,2
MAN1B1,2
CUEDC1,2
OTUB1,2
OTUB2,2
AGPAT9,2
RNF8,2
ASB13,2
AGPAT4,2
GNG3,2
GNG5,2
SPOCK3,2
C10orf12,2
EYA3,2
OR51E2,2
C8orf79,2
UFM1,2
NCKAP1,2
FGFRL1,2
GABRG2,2
NAIF1,2
FLRT1,2
WDR40B,2
PROM1,2
ZNF384,2
SNAPIN,2
IRF2BP1,2
LOC51035,2
PAFAH2,2
EHD3,2
HNRNPK,2
EHD4,2
CEP57,2
ARPC1B,2
CSAD,2
PHF6,2
GRAMD1C,2
GRAMD1A,2
CLDND1,2
APOLD1,2
GSC,2
ZNF346,2
C10orf97,2
NR1H2,2
PROSC,2
BZRAP1,2
LAMP3,2
ZNF329,2
PLEKHJ1,2
TLE3,2
NRBP1,2
ZNF317,2
PHIP,2
STAMBP,2
BRSK1,2
DVL2,2
MPDZ,2
PLXNA3,2
PHKB,2
LRFN5,2
SLC7A6OS,2
REEP5,2
CNIH2,2
RAB5A,2
CNIH3,2
SCRN1,2
AP1G1,2
PIP5KL1,2
EMILIN3,2
WDR6,2
PLEKHG4,2
PLEKHG1,2
PLEKHG2,2
RFC1,2
CXorf21,2
POLR1D,2
PLEKHH3,2
CCDC68,2
EI24,2
THSD4,2
POLR2C,2
CCDC73,2
RNGTT,2
KRR1,2
CCDC58,2
FBXL10,2
POLR3D,2
RAB13,2
FLJ20323,2
GFI1,2
PNN,2
KAT5,2
TBC1D10B,2
CENTG3,2
DNA2,2
IL28RA,2
FUT10,2
DCUN1D2,2
TRPM7,2
ZRANB2,2
SETDB1,2
RNPS1,2
MAGT1,2
7A5,2
SLC22A15,2
SH3PXD2B,2
PRX,2
C20orf4,2
GFRA1,2
TOPORS,2
ALDH5A1,2
CLDN18,2
LOC606495,2
ZNF2,2
NKD1,2
LMNA,2
METTL9,2
MPP3,2
SLC31A2,2
LHFPL3,2
MPP7,2
KBTBD4,2
KBTBD6,2
KBTBD2,2
TMEM38B,2
GUCY1A2,2
LMO2,2
SHISA5,2
RASL12,2
PXK,2
EFNA4,2
FBLN5,2
GAS2L1,2
CBX8,2
IDH2,2
EIF2S3,2
TLX1,2
PI4KA,2
LRP10,2
BMPR1A,2
WNT2B,2
HAPLN2,2
SNAPC1,2
KRTAP11-1,2
PPP2R5B,2
PPP2R5D,2
WNT16,2
SAFB,2
SEPT4,2
RASA3,2
STOML1,2
THBS2,2
UGP2,2
GNA12,2
CYYR1,2
MAPK4,2
TMEM30A,2
LPIN1,2
ZNF295,2
ZNF294,2
EHMT1,2
CLDN1,2
FAM134B,2
AS3MT,2
LSM11,2
PSMD7,2
PSMD3,2
ZNF287,2
TMEM85,2
RUFY1,2
FAM133A,2
FLG2,2
TMEM77,2
RUFY2,2
RFX5,2
LETMD1,2
ZNF275,2
MRPL17,2
CYB5R4,2
MYO6,2
KCNE1L,2
RHBDL3,2
CADM4,2
EZH1,2
GPR22,2
PIGZ,2
LRRC32,2
MRPL35,2
KIAA1394,2
PIGX,2
JPH4,2
TMEM49,2
NKRF,2
B3GALT2,2
LRRC41,2
TMEM33,2
TMEM35,2
VAMP4,2
PIGH,2
KANK2,2
COL11A1,2
KIAA0082,2
TMEM68,2
FLNB,2
ATRNL1,2
USP9Y,2
SPSB1,2
ZNF219,2
ZNF212,2
RORC,2
F13A1,2
GPR61,2
GPR62,2
SESN1,2
SCMH1,2
ZNF202,2
ZNF200,2
KIAA0892,2
FRMD5,2
OSBP2,2
ISG20L2,2
ATXN3,2
C9orf86,2
TMEM20,2
NFKB1,2
B3GALTL,2
FLJ37078,2
C9orf97,2
NFE2L2,2
SLC25A1,2
FLT1,2
HMG20A,2
EDIL3,2
HSP90AA1,2
AHDC1,2
C9orf72,2
PCOLCE2,2
PRCD,2
CXXC1,2
NTN4,2
PARD6G,2
PPM1E,2
NCLN,2
CYB5B,2
C9orf58,2
CTNS,2
USH2A,2
CCM2,2
JMJD1A,2
RASSF4,2
IL12B,2
FAM53B,2
ST6GAL1,2
SFMBT1,2
SFMBT2,2
ALPK3,2
WNK4,2
BRCC3,2
ZMPSTE24,2
C5orf23,2
C5orf25,2
TSPAN4,2
ST8SIA5,2
FAM55C,2
HIVEP3,2
HMGCLL1,2
PCDH20,2
C5orf33,2
ID2,2
ID1,2
ID3,2
LRRN1,2
CD24,2
LOC389073,2
CD40,2
HNF4A,2
IDS,2
QSOX2,2
VKORC1,2
ZFR,2
SUPT3H,2
AJAP1,2
CTTN,2
PRKX,2
PAK1,2
AASDHPPT,2
RFTN2,2
RPA1,2
PLEKHA5,2
DCLRE1A,2
FHOD1,2
RGS2,2
RGS3,2
RGS1,2
SBF1,2
G6PC,2
GPD1,2
MASP1,2
TMED10,2
SLC1A3,2
PDS5A,2
FUT4,2
FUT8,2
NPHP3,2
NXPH1,2
WNT3,2
CLK4,2
CLK3,2
SSH1,2
IL4,2
PRR6,2
MAST3,2
ARHGEF10L,2
TRIAP1,2
NCBP1,2
ATG4A,2
PARG,2
DCTN1,2
CSTF2T,2
CLCN3,2
FLJ13137,2
KDELC2,2
MBTPS1,2
RPIA,2
CYP24A1,2
NUP35,2
LNX2,2
R3HDM2,2
CYFIP2,2
GABPB2,2
RXFP2,2
TSPYL2,2
ACOT7,2
SERPINF2,2
BIN3,2
HOXB2,2
HOXB7,2
CDC42SE1,2
MAPKAP1,2
CHST12,2
DDX26B,2
AXUD1,2
CHST14,2
TYSND1,2
MTHFR,2
KIAA1244,2
NPLOC4,2
TNFSF4,2
DUS1L,2
CDC42SE2,2
CLTA,2
ING1,2
PRSS23,2
C17orf59,2
GARNL1,2
TNKS1BP1,2
RSPO4,2
CNTD1,2
CNTD2,2
SSR2,2
PAX3,2
ITPKC,2
SF3B3,2
AFM,2
SRP72,2
CHRNE,2
BRD4,2
SF3A3,2
BRF2,2
CCL22,2
PRSS35,2
GTF2H1,2
LPCAT3,2
AGBL2,2
CYB561,2
TUSC3,2
DGKB,2
BZW2,2
LDOC1L,2
CDH1,2
WHSC1L1,2
TOR3A,2
SEMA6C,2
TEX2,2
DGKZ,2
DGKI,2
NOTCH3,2
RHOBTB3,2
ITPR3,2
RHOBTB2,2
SFRS14,2
BAG1,2
SAFB2,2
DSCR6,2
GON4L,2
ITGA10,2
CDK2,2
C16orf45,2
DUSP15,2
PSD2,2
SIN3B,2
BAI2,2
EFHD2,2
TRAF6,2
TRABD,2
SEMA3D,2
SEMA3B,2
SEMA3G,2
AMBRA1,2
MGAT5B,2
SEMA4D,2
LOC283514,2
PTPN13,2
TRIT1,2
EFHA2,2
TNP1,2
RS1,2
VSIG1,2
INSC,2
DPF2,2
C6orf225,2
C6orf222,2
SLC6A14,2
INPP4B,2
ARC,2
PTGFR,2
ANP32A,2
TMTC3,2
TMTC4,2
PTDSS1,2
PRRC1,2
CDR2,2
INSR,2
TMCC3,2
ATM,2
TMCC2,2
TRAM1,2
PCF11,2
TSC22D4,2
TSC22D1,2
TFE3,2
TFEB,2
RHOG,2
RHOJ,2
RHOU,2
RTCD1,2
RP4-692D3.1,2
CTNNA1,2
CTNNA2,2
DMRT1,2
CDX2,2
RANBP6,2
LYVE1,2
ZNF354A,2
GOLT1A,2
CMIP,2
C14orf133,2
FAM130A2,2
CADPS2,2
DSCAM,2
KCTD3,2
PDIA4,2
C14orf126,2
ARHGAP18,2
ADIPOR1,2
DPP4,2
DPP8,2
CYBASC3,2
RADIL,2
CYP4V2,2
USP30,2
LOC652968,2
USP45,2
ARHGAP10,2
S1PR2,2
C14orf118,2
CAMK2G,2
USP20,2
SHCBP1,2
SSBP2,2
